,marfl,mnarfl,TRUE,cov1,cov2,cov3,cov4,cov5,cov6,cov7,simu.id,treat,id,score,misstypen,misstype
1,0,0,10.68,15.0001290000000,10.4514690000000,7.30212900000000,10.8839540000000,11.5710600000000,11.1259170000000,8.71273400000000,1,1,1,10.68,9,Non-Missing
2,1,0,12.82,3.46325600000000,13.2780920000000,10.074286000000,10.1530030000000,12.7821440000000,12.4463490000000,11.8238080000000,1,1,2,NA,1,MAR
3,0,1,10.49,3.88484900000000,11.0947350000000,9.24355700000000,8.97060900000000,5.36945100000000,8.0878040000000,10.5418520000000,1,1,3,NA,2,MNAR
4,1,0,12.84,9.97542800000000,6.64351600000000,9.27823900000000,9.33494100000000,10.2523120000000,13.4272920000000,12.5047910000000,1,1,4,NA,1,MAR
5,0,0,14.28,11.7721610000000,8.90863400000000,8.8573140000000,11.7933180000000,12.8995830000000,10.4871960000000,13.2078820000000,1,1,5,14.28,9,Non-Missing
6,0,0,15.26,6.58701900000000,15.029015000000,16.528066000000,10.0988400000000,8.24503700000000,12.6647590000000,10.7346550000000,1,1,6,15.26,9,Non-Missing
7,1,0,14.99,10.5123600000000,9.15279400000000,11.7053600000000,6.24524800000000,15.2019180000000,11.6080330000000,17.1382730000000,1,1,7,NA,1,MAR
8,0,0,12.65,6.91032100000000,6.89497400000000,11.126349000000,9.11418600000000,10.3312180000000,10.531783000000,8.71372100000000,1,1,8,12.65,9,Non-Missing
9,0,0,16.52,5.33947400000000,12.9827520000000,12.2679850000000,14.2675820000000,10.5231210000000,12.3695010000000,12.0876430000000,1,1,9,16.52,9,Non-Missing
10,0,0,12.38,12.2907760000000,14.3240740000000,11.5078290000000,6.48226000000000,8.40839900000000,6.62461200000000,8.68189000000000,1,1,10,12.38,9,Non-Missing
11,0,0,13.49,10.7100650000000,8.58296500000000,15.2155340000000,12.3384030000000,12.8682330000000,11.42775400000,14.9824480000000,1,1,11,13.49,9,Non-Missing
12,0,0,15.02,7.8256510000000,10.4133910000000,9.90557800000000,10.1049900000000,10.2169440000000,12.3347170000000,10.4956870000000,1,1,12,15.02,9,Non-Missing
13,0,1,9.69,9.52542700000000,8.74276400000000,10.9688650000000,8.81568400000000,8.91408300000000,7.15034400000000,8.12909700000000,1,1,13,NA,2,MNAR
14,0,0,11.62,4.97327100000000,10.7547690000000,5.70748400000000,9.090968000000,8.46847100000000,8.1293900000000,9.75940700000000,1,1,14,11.62,9,Non-Missing
15,0,1,4.65,8.19954200000000,4.20313100000000,5.20300200000000,12.975145000000,7.30684400000000,3.73652500000000,2.76622100000000,1,1,15,NA,2,MNAR
16,0,0,9.96,6.98653400000000,5.26974500000000,6.39878800000000,12.0820150000000,7.64191400000000,5.55191400000000,14.4625860000000,1,1,16,9.96,9,Non-Missing
17,0,0,14.77,12.8686780000000,9.33570900000000,17.0732360000000,10.3331550000000,7.13043700000000,10.6361210000000,11.5999430000000,1,1,17,14.77,9,Non-Missing
18,1,0,16.82,10.4067000000000,10.8050690000000,11.6246670000000,13.8768080000000,17.4030610000000,14.5333980000000,15.0277620000000,1,1,18,NA,1,MAR
19,0,1,11.08,5.36599400000000,10.8180840000000,8.95643800000000,13.4021420000000,7.29320300000000,8.21302200000000,6.85495000000000,1,1,19,NA,2,MNAR
20,0,1,8.54,12.4877800000000,5.54331400000000,5.98176200000000,12.7985580000000,6.06977200000000,9.98002500000000,7.80816600000000,1,1,20,NA,2,MNAR
21,0,0,15.48,9.48338900000000,4.67120000000000,17.7697030000000,12.7564110000000,12.4120610000000,10.8928790000000,12.32656400000,1,1,21,15.48,9,Non-Missing
22,0,0,11.74,5.80868600000000,12.4599340000000,13.9166200000000,8.9091060000000,6.32235200000000,11.51347800000,9.63218600000000,1,1,22,11.74,9,Non-Missing
23,0,0,9.7,8.621971000000,5.91200400000000,14.0175160000000,8.17256600000000,4.68252900000000,9.61944500000000,9.80014400000000,1,1,23,9.7,9,Non-Missing
24,0,0,13.61,11.2326950000000,10.675412000000,10.5700980000000,12.3748420000000,7.58972000000000,13.8426190000000,10.8243360000000,1,1,24,13.61,9,Non-Missing
25,0,1,10.89,7.42900300000000,12.7136960000000,4.05110900000000,8.03681500000000,8.82860300000000,9.07384500000000,12.3234420000000,1,1,25,NA,2,MNAR
26,0,0,11.4,9.28986900000000,11.6525340000000,12.8867650000000,3.16653900000000,11.3162010000000,10.7739140000000,8.58304600000000,1,1,26,11.4,9,Non-Missing
27,0,0,11.19,12.6806000000000,14.6299420000000,10.6601250000000,8.76435000000000,6.66402800000000,9.01397800000000,7.34672000000000,1,1,27,11.19,9,Non-Missing
28,0,1,9.24,18.2806610000000,9.58217100000000,12.2501160000000,2.88589100000000,11.1842310000000,5.55023000000000,11.6739020000000,1,1,28,NA,2,MNAR
29,0,0,15.59,7.86383200000000,9.65040200000000,8.49893000000000,9.41059700000000,13.8289750000000,12.428222000000,13.993221000000,1,1,29,15.59,9,Non-Missing
30,0,0,14.59,5.75595500000000,15.5294350000000,11.0272060000000,12.7556860000000,13.2747560000000,10.5205260000000,9.82149600000000,1,1,30,14.59,9,Non-Missing
31,0,0,20.11,9.07390300000000,17.3672210000000,16.9785230000000,13.0643690000000,14.3905560000000,10.0313160000000,13.7217470000000,1,1,31,20.11,9,Non-Missing
32,0,0,10.62,8.0222470000000,9.49727100000000,12.5236680000000,8.27022900000000,9.26424900000000,6.0515000000000,10.9493800000000,1,1,32,10.62,9,Non-Missing
33,1,0,12.84,4.5756560000000,11.4207960000000,11.3498820000000,9.13287700000000,10.5676080000000,7.73444400000000,11.9608540000000,1,1,33,NA,1,MAR
34,0,0,13.14,14.0377370000000,9.69612700000000,12.6183120000000,13.2039250000000,10.6236400000000,9.64671900000000,9.16096300000000,1,1,34,13.14,9,Non-Missing
35,0,0,13.51,9.01517300000000,4.48658000000000,6.8309390000000,13.1978570000000,10.165396000000,12.8891160000000,15.8582960000000,1,1,35,13.51,9,Non-Missing
36,1,0,11.36,9.60546900000000,14.1589520000000,11.4705710000000,6.62374400000000,9.41147200000000,4.58256600000000,9.30297900000000,1,1,36,NA,1,MAR
37,0,1,8.72,8.47305400000000,8.03469700000000,10.1750230000000,10.3561050000000,10.0537950000000,6.93042200000000,4.76486700000000,1,1,37,NA,2,MNAR
38,0,0,10.08,9.75788800000000,6.08601400000000,9.26103400000000,9.63667400000000,8.88429200000000,8.83490000000000,14.1134750000000,1,1,38,10.08,9,Non-Missing
39,0,1,6.19,10.4858070000000,11.2190850000000,7.90167500000000,2.2249710000000,9.00086500000000,2.83953000000000,5.83498500000000,1,1,39,NA,2,MNAR
40,1,0,14.65,11.3337030000000,10.6177400000000,8.38808700000000,15.2817960000000,11.0426890000000,8.96096200000000,13.2889330000000,1,1,40,NA,1,MAR
41,0,1,8.22,9.09616800000000,7.44963800000000,7.56072800000000,7.58544800000000,7.77976300000000,12.5380960000000,6.67922100000000,1,1,41,NA,2,MNAR
42,0,0,14.69,7.75598200000000,9.32821100000000,12.1536560000000,13.506897000000,10.0318200000000,6.80346400000000,15.4002830000000,1,1,42,14.69,9,Non-Missing
43,0,0,11.41,4.41125800000000,11.5148090000000,14.3701520000000,5.47068000000000,7.81962200000000,8.19862300000000,8.08920300000000,1,1,43,11.41,9,Non-Missing
44,0,1,8.7,9.74844100000000,10.2684140000000,8.1016780000000,11.0873240000000,8.57403500000000,6.87076700000000,10.4145870000000,1,1,44,NA,2,MNAR
45,0,1,5.01,12.4327510000000,8.11549600000000,0,3.81238300000000,6.39218300000000,8.20214800000000,1.13782300000000,1,1,45,NA,2,MNAR
46,0,0,8.21,4.84052300000000,4.89259700000000,9.02852000000000,10.2692150000000,3.12896000000000,6.12369000000000,10.3415200000000,1,1,46,8.21,9,Non-Missing
47,0,0,14.83,12.4088360000000,10.6255010000000,11.3771850000000,8.67892000000000,12.3320200000000,14.665857000000,13.5792190000000,1,1,47,14.83,9,Non-Missing
48,0,0,14.71,11.1683470000000,14.7309360000000,7.41992600000000,12.0289950000000,11.6705530000000,14.3008680000000,10.9546520000000,1,1,48,14.71,9,Non-Missing
49,0,0,13.54,8.7626200000000,17.0154940000000,17.2783380000000,10.1217000000000,7.72003400000000,5.1751310000000,11.9877220000000,1,1,49,13.54,9,Non-Missing
50,0,1,8.59,10.6025530000000,18.9029100000000,5.43116200000000,9.31034300000000,5.43668200000000,9.42012600000000,6.07650400000000,1,1,50,NA,2,MNAR
51,0,0,10.33,10.0020930000000,12.1956330000000,13.8452810000000,5.7206970000000,8.79643400000000,12.6552370000000,6.42859800000000,1,1,51,10.33,9,Non-Missing
52,0,0,10.91,9.69023500000000,8.42537800000000,10.1650350000000,8.37434200000000,10.5556220000000,8.52870900000000,12.7902840000000,1,1,52,10.91,9,Non-Missing
53,0,0,9.69,10.5671510000000,9.00934600000000,4.52681100000000,8.74508000000000,12.3722090000000,11.0061510000000,9.53236100000000,1,1,53,9.69,9,Non-Missing
54,0,0,12.97,8.80189900000000,14.5054260000000,7.90093100000000,10.8393350000000,13.5187290000000,11.657801000000,9.16773100000000,1,1,54,12.97,9,Non-Missing
55,0,0,12.24,10.0406960000000,13.6183040000000,9.82729400000000,8.08974300000000,11.4791110000000,3.97775400000000,11.0810470000000,1,1,55,12.24,9,Non-Missing
56,0,0,8.33,8.59724500000000,13.10431300000,6.82372900000000,2.47427100000000,11.0843530000000,7.4870320000000,7.46080700000000,1,1,56,8.33,9,Non-Missing
57,0,0,13.77,8.06376900000000,8.78698200000000,13.4518480000000,9.77074200000000,10.0106660000000,8.73481100000000,12.9145170000000,1,1,57,13.77,9,Non-Missing
58,0,0,13.89,8.67021900000000,12.7137170000000,13.0926030000000,11.9666240000000,15.9354810000000,5.01609700000000,7.19995500000000,1,1,58,13.89,9,Non-Missing
59,0,0,16.48,15.3287050000000,12.745020000000,13.8141100000000,11.0110080000000,12.6920960000000,12.4381280000000,9.32357000000000,1,1,59,16.48,9,Non-Missing
60,0,0,13.4,6.58685700000000,4.64449800000000,12.538860000000,8.19969500000000,9.24051500000000,12.912480000000,8.34504500000000,1,1,60,13.4,9,Non-Missing
61,0,1,11.11,11.8682590000000,9.14714100000000,6.40836200000000,5.42275400000000,8.90966900000000,15.0033700000000,10.1285970000000,1,1,61,NA,2,MNAR
62,0,0,10.45,5.61590600000000,16.7192400000000,8.23111000000000,8.5736680000000,4.48289200000000,8.71222300000000,8.7141520000000,1,1,62,10.45,9,Non-Missing
63,0,0,18.88,15.4406150000000,14.4474380000000,9.54438700000000,14.51565400000,11.8839030000000,11.6831190000000,16.2906450000000,1,1,63,18.88,9,Non-Missing
64,0,0,9.53,9.69034400000000,4.85401600000000,7.23532400000000,11.1221420000000,10.4355250000000,6.49434000000000,10.6929620000000,1,1,64,9.53,9,Non-Missing
65,0,0,11.25,7.39661600000000,9.49072000000000,5.22701900000000,11.9121890000000,4.52291400000000,8.70405900000000,8.89138700000000,1,1,65,11.25,9,Non-Missing
66,0,0,15.04,5.30750400000000,11.7776720000000,3.03078700000000,11.0883050000000,12.4774660000000,8.11106100000000,13.0119540000000,1,1,66,15.04,9,Non-Missing
67,0,1,8.66,7.04425900000000,3.90285600000000,7.87127300000000,5.08793800000000,10.6389870000000,8.94960500000000,14.7512780000000,1,1,67,NA,2,MNAR
68,0,1,6.73,5.17635100000000,9.54421500000000,4.04961300000000,5.08533600000000,5.96737000000000,8.55267300000000,5.23942200000000,1,1,68,NA,2,MNAR
69,0,0,13.31,10.3684210000000,7.78070100000000,9.52554400000000,8.90235600000000,13.3267870000000,14.9608040000000,7.8490390000000,1,1,69,13.31,9,Non-Missing
70,0,1,6.86,7.54221500000000,9.62465400000000,8.75913600000000,1.67320000000000,9.95101300000000,10.1556790000000,7.52781300000000,1,1,70,NA,2,MNAR
71,0,1,8.72,10.0684360000000,5.54074900000000,4.93641100000000,4.44612900000000,7.46185500000000,12.3445080000000,13.4204280000000,1,1,71,NA,2,MNAR
72,1,0,10.09,6.49967200000000,8.38354800000000,2.67453300000000,8.42194300000000,13.8270650000000,9.63993000000000,12.2825150000000,1,1,72,NA,1,MAR
73,0,0,15.8,9.69927300000000,8.74429100000000,11.6094650000000,7.25709900000000,13.7815120000000,12.7895570000000,10.4443470000000,1,1,73,15.8,9,Non-Missing
74,0,1,10.32,7.08425400000000,10.359868000000,7.96204400000000,11.7314660000000,8.65407100000000,12.4702510000000,10.5551220000000,1,1,74,NA,2,MNAR
75,0,0,17.29,11.8838930000000,9.0915680000000,8.05437100000000,14.570788000000,9.51683700000000,16.6742070000000,16.5915460000000,1,1,75,17.29,9,Non-Missing
76,0,0,9.73,11.7183200000000,5.72856400000000,3.69039600000000,14.7991690000000,12.0184540000000,11.5012680000000,7.44507600000000,1,1,76,9.73,9,Non-Missing
77,0,1,10.56,9.82082500000000,9.87907100000000,14.0336350000000,11.1563360000000,12.9093230000000,9.78268700000000,6.35106900000000,1,1,77,NA,2,MNAR
78,0,0,16.6,14.2937360000000,11.593850000000,9.07930600000000,14.7429010000000,12.1471800000000,10.707768000000,14.8426830000000,1,1,78,16.6,9,Non-Missing
79,0,1,8.62,11.2449780000000,11.1301200000000,5.03222700000000,9.77928900000000,8.3833900000000,10.5395840000000,6.52931900000000,1,1,79,NA,2,MNAR
80,0,1,8.02,12.5275040000000,7.98613700000000,5.77197700000000,8.5611610000000,5.23630500000000,1.48133800000000,11.7928560000000,1,1,80,NA,2,MNAR
81,0,0,15.12,9.5332920000000,9.54599800000000,10.700817000000,10.0215500000000,13.9176100000000,13.1809290000000,6.45957500000000,1,1,81,15.12,9,Non-Missing
82,0,0,12.45,2.5262480000000,9.32571100000000,15.3917130000000,12.152375000000,5.28921800000000,5.41411900000000,11.3152220000000,1,1,82,12.45,9,Non-Missing
83,0,1,11.7,10.394437000000,10.2688400000000,10.2211700000000,6.28892100000000,16.2002140000000,5.89892600000000,9.71941100000000,1,1,83,NA,2,MNAR
84,0,0,13.89,8.61518400000000,10.8576900000000,13.4868710000000,16.4195440000000,11.1229090000000,7.44010000000000,7.6015800000000,1,1,84,13.89,9,Non-Missing
85,1,0,20.87,9.24200700000000,12.1323710000000,13.8082760000000,15.9329690000000,14.2061080000000,8.01964000000000,14.3449790000000,1,1,85,NA,1,MAR
86,0,1,5.99,2.36419300000000,7.00824400000000,5.31106400000000,5.79965600000000,5.2851000000000,6.8071520000000,7.04482900000000,1,1,86,NA,2,MNAR
87,0,1,9.31,9.23206500000000,10.0248300000000,12.8657200000000,8.88141800000000,4.38241600000000,9.66992700000000,8.70882900000000,1,1,87,NA,2,MNAR
88,1,0,10.92,8.89474100000000,8.33723400000000,10.2305240000000,10.2041860000000,12.2292000000000,10.5978860000000,8.71683200000000,1,1,88,NA,1,MAR
89,0,0,13.4,10.7578010000000,13.2905520000000,15.0662540000000,7.6559730000000,14.770606000000,7.89445900000000,10.9975420000000,1,1,89,13.4,9,Non-Missing
90,0,0,14.21,7.8732010000000,12.5852930000000,10.7400520000000,8.22539000000000,14.1029170000000,5.05719800000000,9.33542600000000,1,1,90,14.21,9,Non-Missing
91,0,0,12.42,6.35258400000000,11.7022890000000,7.09086700000000,11.7248790000000,10.5709040000000,11.8784450000000,7.34943900000000,1,1,91,12.42,9,Non-Missing
92,0,0,11.84,10.5881510000000,14.8312720000000,8.19880700000000,9.42640000000000,11.8611940000000,10.0726110000000,15.2962160000000,1,1,92,11.84,9,Non-Missing
93,0,1,10.14,6.85239600000000,10.2563880000000,6.57051200000000,6.34456000000000,8.58361700000000,11.6601500000000,10.0443500000000,1,1,93,NA,2,MNAR
94,0,1,10.9,2.67998600000000,11.6438930000000,15.4045800000000,9.62410200000000,5.75362600000000,8.45763300000000,6.90493000000000,1,1,94,NA,2,MNAR
95,0,0,16,11.1272600000000,8.64336100000000,13.4283260000000,14.8936660000000,17.3681780000000,9.84922000000000,12.4994990000000,1,1,95,16,9,Non-Missing
96,0,0,12.47,10.743063000000,9.935809000000,10.7654950000000,12.9460440000000,11.4235010000000,9.02662100000000,4.1701160000000,1,1,96,12.47,9,Non-Missing
97,0,1,3.92,16.5150180000000,3.3315280000000,4.22982200000000,11.4008520000000,1.41144900000000,9.43267800000000,6.46656500000000,1,1,97,NA,2,MNAR
98,0,1,8.13,7.83779100000000,0.417106000000000,5.99264000000000,9.66577900000000,10.0077750000000,14.1759120000000,8.80157900000000,1,1,98,NA,2,MNAR
99,0,0,11.8,12.4820720000000,11.2589120000000,10.3419850000000,7.75432200000000,9.87759600000000,12.1275510000000,11.8400950000000,1,1,99,11.8,9,Non-Missing
100,0,0,11.05,12.9222390000000,10.1635670000000,8.97404800000000,7.42022000000000,8.68377100000000,5.77135300000000,7.92235100000000,1,1,100,11.05,9,Non-Missing
101,0,1,6.71,10.7120260000000,8.44588900000000,3.70248900000000,10.4764180000000,3.01866600000000,4.84146600000000,10.989399000000,1,1,101,NA,2,MNAR
102,0,0,7.69,5.17950200000000,9.45014400000000,8.01112200000000,6.86944500000000,4.83575400000000,5.48406200000,14.0652380000000,1,1,102,7.69,9,Non-Missing
103,0,1,11.52,12.38792300000,10.5846490000000,6.34756400000000,7.01264200000000,11.8350520000000,6.19420900000000,11.2220100000000,1,1,103,NA,2,MNAR
104,0,0,13.29,9.35629500000000,12.7719690000000,11.6122990000000,9.73307000000000,12.752308000000,14.9048530000000,10.3522580000000,1,1,104,13.29,9,Non-Missing
105,0,0,12.77,7.42210900000000,15.4137100000000,12.5696810000000,12.1884770000000,10.5603490000000,11.4854940000000,10.5720770000000,1,1,105,12.77,9,Non-Missing
106,0,0,11.46,17.7170930000000,12.0790360000000,9.19481100000000,13.204407000000,8.16495600000000,14.5689730000000,8.80273600000000,1,1,106,11.46,9,Non-Missing
107,0,1,8.35,7.1313500000000,4.59358400000000,3.43199400000000,7.71933100000000,3.4336350000000,6.22554200000000,8.90401500000000,1,1,107,NA,2,MNAR
108,0,0,10.95,10.6253240000000,14.5834820000000,7.2509290000000,5.48242400000000,4.82159900000000,11.397958000000,9.71136600000000,1,1,108,10.95,9,Non-Missing
109,0,0,13.98,10.87738200000,10.8044310000000,9.03390500000000,14.1961130000000,9.62870000000000,12.5659660000000,11.1908410000000,1,1,109,13.98,9,Non-Missing
110,1,0,10.8,10.2841050000000,9.32158000000000,3.93873600000000,14.3132580000000,12.5783120000000,7.56528800000000,10.7109240000000,1,1,110,NA,1,MAR
111,0,0,15.88,9.09785400000000,11.9539880000000,12.5600090000000,8.72870200000000,8.47865300000000,11.3182840000000,13.0288990000000,1,1,111,15.88,9,Non-Missing
112,0,1,9.23,11.5929050000000,5.23393000000000,10.9301340000000,6.9129880000000,7.80049500000000,8.78879700000000,4.56312000000000,1,1,112,NA,2,MNAR
113,0,0,7.75,7.86390900000000,12.0744290000000,5.21581800000000,8.07366100000000,1.89377000000000,6.81722700000000,7.2906570000000,1,1,113,7.75,9,Non-Missing
114,1,0,11.32,5.61551100000000,10.4507960000000,13.118991000000,6.6760600000000,8.79248500000000,13.7001700000000,8.08435400000000,1,1,114,NA,1,MAR
115,0,1,8.14,13.8487640000000,10.9814980000000,7.46682600000000,6.32813600000000,7.73461900000000,11.0332280000000,7.25856400000000,1,1,115,NA,2,MNAR
116,0,0,12.04,5.99602300000000,9.18639700000000,6.4908410000000,10.1578420000000,9.47509000000000,9.74570600000000,8.13364400000000,1,1,116,12.04,9,Non-Missing
117,0,1,6.83,9.05959600000000,0,4.68882100000000,10.2715520000000,7.06813800000000,4.87313200000000,6.97911200000000,1,1,117,NA,2,MNAR
118,0,0,14.97,14.8145990000000,13.7740170000000,14.4806630000000,10.1646370000000,13.3803490000000,8.38122900000000,10.6867420000000,1,1,118,14.97,9,Non-Missing
119,1,0,14.82,8.70385900000000,13.1517040000000,16.8075350000000,12.1682370000000,10.3239950000000,16.718789000000,8.90658400000000,1,1,119,NA,1,MAR
120,0,1,6.53,13.5198620000000,3.53837900000000,7.62304900000000,8.50971700000000,7.2558900000000,3.98135800000000,6.71067700000,1,1,120,NA,2,MNAR
121,0,1,8.02,3.58409800000000,10.0585230000000,10.633073000000,7.61119800000000,7.58153300000000,10.1335470000000,11.9784840000000,1,1,121,NA,2,MNAR
122,0,0,14.24,9.23985700000000,13.8250650000000,12.9340010000000,13.8601420000000,9.56295000000000,12.4859610000000,11.1702030000000,1,1,122,14.24,9,Non-Missing
123,0,0,12.62,10.2231550000000,11.3436090000000,10.9622930000000,7.96212600000000,9.74932600000000,17.03300300000,9.69615700000000,1,1,123,12.62,9,Non-Missing
124,0,1,10.91,8.29091200000000,6.54970100000000,11.8366590000000,9.84033000000000,10.8355480000000,8.71703400000000,4.99036900000000,1,1,124,NA,2,MNAR
125,0,1,4.58,7.0359400000000,3.56116700000000,6.22014700000000,11.0033690000000,6.80022400000000,6.52018900000000,3.69105000000000,1,1,125,NA,2,MNAR
126,0,0,14.89,14.310391000000,8.53981500000000,9.54459400000000,12.5860580000000,10.8949730000000,11.6764950000000,7.32859400000000,1,1,126,14.89,9,Non-Missing
127,0,0,11.05,7.52323900000000,8.58816400000000,9.70859300000000,11.4588860000000,8.3296660000000,7.3771000000000,14.1501720000000,1,1,127,11.05,9,Non-Missing
128,0,0,18.49,7.53007900000000,17.6540830000000,15.4019340000000,12.8839820000000,13.7529710000000,12.2111550000000,11.7396560000000,1,1,128,18.49,9,Non-Missing
129,0,0,18.71,16.8571960000000,12.5159550000000,11.7555190000000,12.5493670000000,15.1892080000000,16.0967040000000,13.1681550000000,1,1,129,18.71,9,Non-Missing
130,1,0,16.13,14.1454400000000,21.4484150000000,11.3331400000000,9.65123500000000,12.7019280000000,10.3696340000000,13.2208270000000,1,1,130,NA,1,MAR
131,0,1,8.27,6.37090100000000,12.8621740000000,9.18616900000000,6.04307300000000,5.62855200000000,7.05650300000000,10.1862440000000,1,1,131,NA,2,MNAR
132,0,1,11.49,10.796862000000,9.57594100000000,8.80349400000000,9.1592350000000,12.7855900000000,5.95208700000000,12.5946820000000,1,1,132,NA,2,MNAR
133,0,1,8.98,5.63940500000000,9.79201500000000,7.0936330000000,11.9212510000000,6.57513600000000,3.94593800000000,6.50317300000000,1,1,133,NA,2,MNAR
134,0,0,11.79,7.88138400000000,8.83664700000000,10.8597530000000,6.77473400000000,12.0433430000000,9.9545120000000,9.85682000000000,1,1,134,11.79,9,Non-Missing
135,0,0,10.52,12.3164010000000,13.2270320000000,12.790020000000,6.3691130000000,7.23803000000000,9.1729530000000,6.51612300000000,1,1,135,10.52,9,Non-Missing
136,0,1,8.05,11.5771250000000,5.24189200000000,7.60425500000000,5.32903300000000,6.2651830000000,9.16435200000000,6.30467900000000,1,1,136,NA,2,MNAR
137,0,0,8.29,6.74308500000000,13.4993110000000,7.03774100000000,5.78472700000000,4.98412900000000,8.42071000000000,7.75423200000000,1,1,137,8.29,9,Non-Missing
138,0,0,16.77,12.5241000000000,14.5235640000000,12.2982560000000,14.683206000000,11.4217500000000,14.1863190000000,11.1987480000000,1,1,138,16.77,9,Non-Missing
139,0,0,11.68,7.3542590000000,11.5276170000000,9.80728300000000,8.22371400000000,7.48976900000000,14.0926240000000,9.30159900000000,1,1,139,11.68,9,Non-Missing
140,0,0,13.05,12.4586270000000,10.0947430000,10.6336630000000,7.48072800000000,12.5084340000000,10.6009370000000,12.3455880000000,1,1,140,13.05,9,Non-Missing
141,1,0,7.42,7.43204900000000,7.0471490000000,6.12026100000000,9.63874000000000,4.6062780000000,3.84582600000000,6.79799700000000,1,1,141,NA,1,MAR
142,0,0,13.39,12.4579340000000,9.56784000000000,10.2155170000000,10.7302870000000,13.5121360000000,14.0702490000000,14.0427060000000,1,1,142,13.39,9,Non-Missing
143,0,0,16.24,16.7131380000000,15.1894520000000,10.9494080000000,8.70270800000000,12.0794100000000,10.0304180000000,12.3040890000000,1,1,143,16.24,9,Non-Missing
144,0,0,20.65,13.640442000000,14.6998770000000,12.770629000000,18.6407830000000,12.4503710000000,16.4374630000000,16.9825060000000,1,1,144,20.65,9,Non-Missing
145,0,0,11.09,10.6424640000000,6.64024600000000,6.67565700000000,12.6939050000000,2.55462600000000,10.8513130000000,9.47489600000000,1,1,145,11.09,9,Non-Missing
146,0,0,14.63,10.9473620000000,11.1106600000000,9.3051140000000,11.4788590000000,14.5713720000000,12.598096000000,14.8708140000000,1,1,146,14.63,9,Non-Missing
147,0,0,12.36,7.7274720000000,7.75007700000000,15.1091720000000,7.72166300000000,12.5908230000000,9.25824600000000,6.97722800000000,1,1,147,12.36,9,Non-Missing
148,0,0,9.05,6.78670400000000,11.6525870000000,7.39575000000000,13.7431390000000,8.51391500000000,6.41800700000000,8.20741400000000,1,1,148,9.05,9,Non-Missing
149,0,0,13.96,10.2536890000000,12.7097200000000,12.1106910000000,12.7597000000000,10.9947300000000,8.42307100000000,11.8633590000000,1,1,149,13.96,9,Non-Missing
150,0,0,12.04,13.4574400000000,13.8202760000000,10.4625330000000,9.0749600000000,14.6743890000000,6.74321400000000,7.65180900000000,1,1,150,12.04,9,Non-Missing
151,0,0,17.42,7.26599400000000,13.3765610000000,11.4022230000000,14.3427860000000,15.5407670000000,11.6172270000000,13.5850040000000,1,1,151,17.42,9,Non-Missing
152,0,0,10.99,10.4710590000000,9.48218500000000,8.87638500000000,9.00477800000000,12.1257050000000,9.09872300000000,14.5985670000000,1,1,152,10.99,9,Non-Missing
153,0,0,16.39,6.37533000000000,9.00146100000000,10.0933090000000,11.4332940000000,10.5284070000000,9.91696100000000,16.4575990000000,1,1,153,16.39,9,Non-Missing
154,0,1,6.64,13.7938400000000,11.7012490000000,6.78651200000000,7.49238700000000,12.6755520000000,8.22107000000000,10.9513470000000,1,1,154,NA,2,MNAR
155,0,0,10.47,5.46651200000000,3.65374500000000,9.44815100000000,10.2485680000000,8.13233200000000,11.2373070000000,10.8094200000000,1,1,155,10.47,9,Non-Missing
156,0,0,16.23,11.1484620000000,13.5524740000000,12.6884040000000,16.082921000000,11.6378010000000,8.64649700000000,10.0963070000000,1,1,156,16.23,9,Non-Missing
157,0,0,12.32,12.1085860000000,8.06545900000000,4.93327900000000,15.7195620000000,11.3812660000000,13.0653980000000,9.33463100000000,1,1,157,12.32,9,Non-Missing
158,0,0,15.43,11.2201410000000,8.95256900000000,9.98595400000000,15.1151750000000,12.7212370000000,10.7424820000000,12.4464710000000,1,1,158,15.43,9,Non-Missing
159,0,1,6.96,6.80535600000000,9.85011600000000,11.1526940000000,3.25157200000000,9.64368300000000,8.93257800000000,7.90030900000000,1,1,159,NA,2,MNAR
160,0,0,9.59,13.2797780000000,5.30506700000000,6.50513700000000,13.8672080000000,6.07528500000000,2.18968400000000,9.42953100000000,1,1,160,9.59,9,Non-Missing
161,0,0,11.91,11.2447520000000,9.49829400000000,12.5075400000000,10.8082610000000,11.8830080000000,10.8754320000000,11.1015840000000,1,1,161,11.91,9,Non-Missing
162,0,0,17,5.66919500000000,12.9148990000000,15.5209430000000,10.6926080000000,9.70709500000000,11.6840880000000,16.2622080000000,1,1,162,17,9,Non-Missing
163,0,1,8.36,8.1419570000000,8.41470100000000,4.44497200000000,12.1774880000000,7.87907400000000,3.31778400000000,8.74994300000000,1,1,163,NA,2,MNAR
164,0,0,17.77,6.23701300000000,8.36757100000000,13.3103620000000,14.9040290000000,11.5379640000000,12.6969350000000,9.05592100000000,1,1,164,17.77,9,Non-Missing
165,0,0,13.94,12.6952610000000,13.4268320000000,8.68498900000000,12.0080510000000,7.98134400000000,16.7969640000000,11.9418900000000,1,1,165,13.94,9,Non-Missing
166,0,0,10.58,6.31880000000000,9.73014500000000,11.1543750000000,8.15043300000000,7.33105800000000,5.09424800000000,11.114336000000,1,1,166,10.58,9,Non-Missing
167,0,0,8.56,10.5724590000000,5.20506600000000,4.93793100000000,5.01336500000000,7.98180500000000,11.136683000000,10.9284060000000,1,1,167,8.56,9,Non-Missing
168,0,1,8.62,8.5957640000000,6.60306600000000,9.04668700000000,3.8147730000000,11.8554050000000,11.9162040000000,11.2880150000000,1,1,168,NA,2,MNAR
169,0,1,11.19,13.1381190000000,10.1254980000000,10.4389550000000,3.85097100000000,8.16508800000000,12.4156170000000,9.91593200000000,1,1,169,NA,2,MNAR
170,0,0,8.25,16.0555530000000,8.44919700000000,7.17534400000000,3.21024800000000,3.73253700000000,12.2882950000000,6.60986100000000,1,1,170,8.25,9,Non-Missing
171,1,0,3.64,16.6006330000000,4.62389500000000,6.20166200000000,7.85107300000000,7.25930200000000,3.4293460000000,3.45148100000000,1,1,171,NA,1,MAR
172,1,0,12.79,15.3047030000000,8.4641960000000,8.66210900000000,5.14024300000000,15.8010580000000,8.52707300000000,9.5629570000000,1,1,172,NA,1,MAR
173,0,0,15.85,10.844104000000,9.95864200000000,6.48316500000000,15.1379530000000,12.949216000000,10.9432780000000,14.3537340000000,1,1,173,15.85,9,Non-Missing
174,1,0,11.29,13.1865150000000,11.8583830000000,8.58682500000000,18.5974530000000,2.97893000000000,9.93765900000000,13.0786260000000,1,1,174,NA,1,MAR
175,1,0,11.72,12.8348570000000,11.4779070000000,9.87588500000000,7.54893900000000,13.2817280000000,8.9889700000000,9.14467900000000,1,1,175,NA,1,MAR
176,0,1,6.22,8.46829900000000,9.78280300000000,11.4766670000000,4.62569300000000,6.32432400000000,1.41505700000000,10.8351040000000,1,1,176,NA,2,MNAR
177,0,1,10.65,10.8265110000000,12.1242740000000,8.80714700000000,11.7725760000000,11.2393960000000,5.09246800000000,10.2958130000000,1,1,177,NA,2,MNAR
178,0,0,9.28,12.2497180000000,9.79092300000000,7.35162500000000,8.55666500000000,9.4915960000000,6.21288200000000,7.12535700000000,1,1,178,9.28,9,Non-Missing
179,0,0,10.91,9.41506800000000,5.45251100000000,11.0283230000000,7.91813400000000,10.5989930000000,10.1374510000000,8.72272300000000,1,1,179,10.91,9,Non-Missing
180,0,0,9.07,13.805029000000,8.11821200000000,14.408979000000,5.11883500000000,13.1643030000000,12.0530120000000,7.03146900000000,1,1,180,9.07,9,Non-Missing
181,0,0,12.53,15.0311190000000,9.4529010000000,15.771624000000,6.94376300000000,13.8123630000000,8.78337900000000,11.1885850000000,1,1,181,12.53,9,Non-Missing
182,0,0,12.9,12.9419710000000,10.4247980000000,14.0602830000000,10.6495160000000,10.8160560000000,10.1922360000000,9.17545000000000,1,1,182,12.9,9,Non-Missing
183,0,0,15.06,13.5482380000000,15.6650810000000,11.8975650000000,11.3462400000000,15.1722520000000,10.7443040000000,8.15864500000000,1,1,183,15.06,9,Non-Missing
184,0,0,11.09,14.3402580000000,8.11846300000000,12.8093160000000,16.2739620000000,8.64044000000000,10.7584700000000,8.16938100000000,1,1,184,11.09,9,Non-Missing
185,1,0,18.28,13.1912570000000,15.032446000000,15.2885470000000,14.161043000000,14.1479390000000,10.0370570000000,13.7202930000000,1,1,185,NA,1,MAR
186,0,1,6.96,12.7191880000000,1.9667710000000,4.41012900000000,5.37084300000000,6.43776500000000,6.48997100000000,9.80822200000000,1,1,186,NA,2,MNAR
187,0,0,15.72,3.42232300000000,10.9303780000000,13.4955960000000,14.074277000000,10.5673190000000,9.94356900000000,10.6320290000000,1,1,187,15.72,9,Non-Missing
188,0,0,7.89,9.06626000000000,9.31090200000000,7.14377700000000,5.62078200000000,4.20407000000000,7.60764900000000,13.3873710000000,1,1,188,7.89,9,Non-Missing
189,0,0,20.77,3.99570900000000,13.1960610000000,14.6255380000000,11.4949570000000,16.0474000000000,15.0115130000000,12.951749000000,1,1,189,20.77,9,Non-Missing
190,0,0,10.55,7.07749000000000,9.74871200000000,10.9210720000000,9.1176130000000,11.6588660000000,2.45767100000000,11.3568230000000,1,1,190,10.55,9,Non-Missing
191,0,0,10.83,10.1649240000000,9.83903700000000,2.39251400000000,6.26200500000000,11.6471410000000,5.71781000000000,9.28772900000000,1,1,191,10.83,9,Non-Missing
192,0,0,7.39,5.06561700000000,9.2476930000000,3.30049400000000,5.99015900000000,8.21845900000000,5.88060600000000,8.07789200000000,1,1,192,7.39,9,Non-Missing
193,0,1,9.58,14.8920520000000,9.09888700000000,10.1854500000000,3.97053600000000,9.48788200000000,7.32233800000000,6.05159900000000,1,1,193,NA,2,MNAR
194,0,0,16.73,7.53186300000000,4.98970600000000,12.0146320000000,14.1514910000000,18.5370950000000,13.9980800000000,14.4725330000000,1,1,194,16.73,9,Non-Missing
195,0,1,8.6,11.1089270000000,5.58701400000000,7.77738200000000,4.83086400000000,8.95367900000000,10.0674260000000,8.98597400000000,1,1,195,NA,2,MNAR
196,0,0,11.04,9.33334700000000,4.73482600000000,9.55506500000000,14.3928590000000,11.5259690000000,13.65335800000,13.3024560000000,1,1,196,11.04,9,Non-Missing
197,0,1,7.73,12.7539110000000,6.57837200000000,11.123468000000,3.4234000000000,11.6889730000000,7.17027800000000,12.4527600000000,1,1,197,NA,2,MNAR
198,0,0,14.02,9.76796800000000,9.02721400000000,8.2921590000000,17.3424010000000,8.14146300000000,12.2734790000000,10.1631960000000,1,1,198,14.02,9,Non-Missing
199,0,0,12.25,5.37712100000000,5.95981900000000,11.9365170000000,9.40903000000000,15.5323060000000,11.7916240000000,14.5712040000000,1,1,199,12.25,9,Non-Missing
200,0,0,13.68,9.07472000000000,12.9755490000000,10.4243060000000,13.2775020000000,8.25786800000000,13.196573000000,9.59199300000000,1,1,200,13.68,9,Non-Missing
201,0,0,15.38,11.1323490000000,11.2011570000000,13.2613270000000,11.5006680000000,7.76575000000000,5.53985300000000,10.7842620000000,1,1,201,15.38,9,Non-Missing
202,0,0,15.67,8.9864460000000,13.5401480000000,14.8155830000000,9.56736900000000,8.88260100000000,11.6718880000000,15.1823320000000,1,1,202,15.67,9,Non-Missing
203,0,0,10.66,10.7715990000000,16.0626410000000,8.2651510000000,8.36761000000000,4.87151100000000,6.68337100000000,11.6408960000000,1,1,203,10.66,9,Non-Missing
204,0,0,14.37,9.87058600000000,15.163852000000,14.1412440000000,16.2291030000000,5.64981600000000,9.46115800000000,13.5850110000000,1,1,204,14.37,9,Non-Missing
205,0,0,12.95,4.34633000000000,6.79563700000000,15.2969880000000,9.38475100000000,14.9977220000000,12.4763330000000,12.0252300000000,1,1,205,12.95,9,Non-Missing
206,1,0,9.39,8.67130100000000,6.99210900000000,8.81506400000000,3.81333300000000,5.63643000000000,11.1901580000000,10.1788970000000,1,1,206,NA,1,MAR
207,0,0,10.94,8.70313100000000,7.1709250000000,10.4777220000000,6.56699500000000,11.1527270000000,9.30882600000000,11.9171850000000,1,1,207,10.94,9,Non-Missing
208,1,0,14.27,10.1634490000000,9.0621020000000,15.2545860000000,10.691356000000,13.245112000000,11.9019530000000,14.7427510000000,1,1,208,NA,1,MAR
209,0,0,14.49,6.21335400000000,12.4850070000000,8.45573000000000,10.8641220000000,9.60571700000000,10.4498040000000,9.32964000000000,1,1,209,14.49,9,Non-Missing
210,0,1,7.13,8.78560600000000,7.4687430000000,6.54234100000000,13.0642610000000,3.17171100000000,8.37667700000000,4.97998000000000,1,1,210,NA,2,MNAR
211,0,0,16.38,14.3762300000000,11.9241450000000,9.63417200000000,17.0160810000000,10.7801220000000,8.98103500000000,7.70471700000000,1,1,211,16.38,9,Non-Missing
212,0,1,11.45,11.875458000000,5.12375200000000,8.86276500000000,12.5964160000000,8.74715400000000,7.73860400000000,9.74903200000000,1,1,212,NA,2,MNAR
213,0,0,19.03,11.8398560000000,15.7393330000000,12.454871000000,11.0718200000000,14.1210960000000,8.25127200000000,16.3429190000000,1,1,213,19.03,9,Non-Missing
214,0,0,11.19,8.00628000000000,15.5581760000000,9.89415500000000,6.04684400000000,9.3248480000000,7.64292200000000,5.79985400000000,1,1,214,11.19,9,Non-Missing
215,0,0,20.26,10.6924140000000,14.6356400000000,9.77048900000000,16.4721480000000,14.3537240000000,10.3532820000000,12.6287640000000,1,1,215,20.26,9,Non-Missing
216,0,1,8.51,13.3887140000000,10.729982000000,7.91192900000000,8.59454700000000,6.36944700000000,7.36743100000000,4.90837600000000,1,1,216,NA,2,MNAR
217,0,0,12.56,17.8115600000000,10.7070930000000,6.26238700000000,12.8543560000000,9.52074100000000,14.169244000000,10.456768000000,1,1,217,12.56,9,Non-Missing
218,1,0,10.48,16.3463390000000,6.00890400000000,10.9137840000000,7.07642500000000,13.0172450000000,10.9577750000000,8.57502500000000,1,1,218,NA,1,MAR
219,0,1,6.87,7.42484400000000,9.26185900000000,10.199585000000,3.44815200000000,8.67139200000000,4.96334400000000,6.38716100000000,1,1,219,NA,2,MNAR
220,1,0,13.95,7.65696500000000,11.3787630000000,14.8649960000000,13.0104830000000,11.6274660000000,10.7361970000000,13.4304220000000,1,1,220,NA,1,MAR
221,0,1,7.36,1.52436100000000,6.78791300000000,11.8988380000000,7.81970000000000,6.59346800000000,2.76670700000000,6.68569300000000,1,1,221,NA,2,MNAR
222,0,0,12.15,9.02670800000000,13.510714000000,5.77050400000000,5.96310200000000,7.04851400000000,9.97343000000000,16.0060230000000,1,1,222,12.15,9,Non-Missing
223,1,0,11.66,14.1265920000000,10.9472770000000,8.95763500000000,10.0006590000000,13.3553000000000,9.81439300000000,10.6581580000000,1,1,223,NA,1,MAR
224,0,0,8.44,9.87530600000000,12.2962560000000,8.47325000000000,10.7673720000000,7.44858000000000,6.43637900000000,10.1459600000000,1,1,224,8.44,9,Non-Missing
225,0,0,14.29,8.92934400000000,10.8551010000000,13.1006190000000,14.5762920000000,9.49222800000000,9.25604600000000,9.71302400000000,1,1,225,14.29,9,Non-Missing
226,0,0,11.51,9.20854500000000,6.47332900000000,8.86061200000000,8.93045000000000,10.1875570000000,11.8876960000000,14.3216220000000,1,1,226,11.51,9,Non-Missing
227,0,0,18.53,12.6851260000000,12.5860460000000,16.0900370000000,13.8932430000000,11.9872700000000,10.814414000000,14.8372170000000,1,1,227,18.53,9,Non-Missing
228,0,0,8.32,3.19846600000000,9.12841200000000,8.16844600000000,2.97564700000000,7.75279100000000,9.67066800000000,10.2793360000000,1,1,228,8.32,9,Non-Missing
229,0,0,13.2,11.4408300000000,10.0148300000000,7.48655700000000,11.0171350000000,12.851881000000,16.5555550000000,9.11645600000000,1,1,229,13.2,9,Non-Missing
230,0,0,12.6,13.719736000000,9.83704600000000,12.0915330000000,12.3614630000000,7.93292200000000,10.576048000000,11.170392000000,1,1,230,12.6,9,Non-Missing
231,0,0,12.6,6.53962500000000,11.4894930000000,13.8623050000000,10.5423160000000,9.85511000000000,9.23847300000000,13.9173820000000,1,1,231,12.6,9,Non-Missing
232,1,0,13.32,11.3472480000000,11.7177660000000,11.0706200000000,7.06277000000000,16.2423270000000,7.21243200000000,12.9574260000000,1,1,232,NA,1,MAR
233,0,0,11.3,5.92295700000000,9.51572600000000,7.3819650000000,10.1372640000000,15.23259500000,11.7276570000000,5.07506800000000,1,1,233,11.3,9,Non-Missing
234,0,0,15.02,11.6385710000000,10.3769670000000,7.62737200000000,11.2129320000000,14.3436620000000,8.63638800000000,8.98895600000000,1,1,234,15.02,9,Non-Missing
235,0,0,13.28,8.95607800000000,9.57580500000000,13.3497510000000,10.4807960000000,11.0286090000000,14.7880380000000,12.7011140000000,1,1,235,13.28,9,Non-Missing
236,1,0,9.64,10.0627800000000,9.55942700000000,10.3519900000000,7.72790000000000,9.72302000000000,7.16084700000000,10.0695840000000,1,1,236,NA,1,MAR
237,0,0,15.01,8.81530300000000,9.02083800000000,12.5340270000000,2.72837900000000,11.2101060000000,11.4970400000000,17.3512820000000,1,1,237,15.01,9,Non-Missing
238,0,0,17.86,11.0823550000000,12.0022710000000,13.4207170000000,10.7931230000000,8.70178700000000,14.1296800000000,12.2620960000000,1,1,238,17.86,9,Non-Missing
239,0,0,11.91,11.3032960000000,7.54128200000000,11.515466000000,13.5492060000000,12.7416610000000,6.50850000000000,10.4951140000000,1,1,239,11.91,9,Non-Missing
240,0,0,13.37,6.16698700000000,9.31935200000000,13.3329210000000,12.8058510000000,15.2592810000000,7.56014100000000,8.40907700000000,1,1,240,13.37,9,Non-Missing
241,0,0,14.18,15.0438930000000,12.1198170000000,10.976179000000,15.5968230000000,12.0057510000000,12.4808360000000,10.6627690000000,1,1,241,14.18,9,Non-Missing
242,0,0,11.67,9.27138000000000,9.99612300000000,14.9264730000000,13.1485220000000,8.94550900000000,12.4786090000000,6.94898400000000,1,1,242,11.67,9,Non-Missing
243,0,1,3.58,13.3769870000000,5.40847400000000,2.33395200000000,3.88882200000000,1.89495600000000,6.16368300000000,9.55364900000000,1,1,243,NA,2,MNAR
244,0,0,14.78,9.96312500000000,11.6618760000000,12.2123600000000,10.3156360000000,10.7773230000000,14.0622430000000,15.3157080000000,1,1,244,14.78,9,Non-Missing
245,0,0,13.23,14.2889290000000,12.854870000000,13.2546680000000,9.485003000000,13.1684680000000,12.2493910000000,6.83091300000000,1,1,245,13.23,9,Non-Missing
246,0,1,5.21,13.8225340000000,9.439704000000,4.70210800000000,6.15906200000000,4.08209300000000,8.15611300000000,0,1,1,246,NA,2,MNAR
247,0,0,13.72,9.53778700000000,14.5582560000000,11.1480760000000,7.94062200000000,10.4143740000000,13.0955930000000,6.66848900000000,1,1,247,13.72,9,Non-Missing
248,0,0,9.83,16.4338370000000,9.92984900000000,10.8794700000000,9.81496000000000,5.14112700000000,9.6715830000000,13.1623730000000,1,1,248,9.83,9,Non-Missing
249,1,0,18.4,15.0936300000000,14.5764390000000,16.9071940000000,15.1252340000000,13.7893050000000,7.0192010000000,14.2306430000000,1,1,249,NA,1,MAR
250,0,0,10.31,6.54398400000000,12.8745910000000,9.07220400000000,5.88959400000000,9.93047400000000,6.00611900000000,5.89362800000000,1,1,250,10.31,9,Non-Missing
251,0,0,8.21,12.5977590000000,7.14604500000000,11.958437000000,5.13086600000000,6.24677200000000,5.83943200000000,4.80801200000000,1,1,251,8.21,9,Non-Missing
252,0,0,9.77,9.82474400000000,11.9386120000000,11.8459050000000,4.55514100000000,10.0381180000000,6.08794100000000,8.75455000000000,1,1,252,9.77,9,Non-Missing
253,0,0,9.76,10.149187000000,9.55043900000000,4.64364800000000,6.80925000000000,12.9279710000000,7.75572300000000,10.8921920000000,1,1,253,9.76,9,Non-Missing
254,0,0,10.13,10.1611780000000,11.7155480000000,8.92833100000000,7.17499300000000,5.95837700000000,2.54062600000000,10.9780700000000,1,1,254,10.13,9,Non-Missing
255,0,1,9.75,12.1663700000000,10.4862220000000,5.85051600000000,9.14789200000000,13.5018200000000,6.43596900000000,9.32040400000000,1,1,255,NA,2,MNAR
256,0,0,12.73,11.6729230000000,8.0938380000000,10.7502130000000,9.60209700000000,11.6590850000000,7.3509530000000,10.0857330000000,1,1,256,12.73,9,Non-Missing
257,0,0,11.15,6.64232800000000,6.97919400000000,8.10831800000000,6.13223900000000,15.0862330000000,9.84054900000000,8.54442200000000,1,1,257,11.15,9,Non-Missing
258,0,0,10.24,9.13016800000000,7.74143700000000,8.45515300000000,7.46676600000000,7.24577100000000,11.0826770000000,8.01577100000000,1,1,258,10.24,9,Non-Missing
259,1,0,12.99,8.64885000000000,4.292942000000,10.478236000000,13.5360310000000,10.2289570000000,9.22029900000000,11.1477160000000,1,1,259,NA,1,MAR
260,0,0,16.96,9.25778900000000,7.5942060000000,8.09534800000000,13.2031690000000,15.5685970000000,14.8383920000000,11.7218860000000,1,1,260,16.96,9,Non-Missing
261,0,1,8.78,10.0945310000000,13.2190490000000,2.3803450000000,9.42462400000000,7.86236600000000,4.18518400000000,7.06620700000000,1,1,261,NA,2,MNAR
262,0,0,15.11,12.1672220000000,8.06205200000000,12.5867640000000,13.2401730000000,7.83862400000000,10.4263990000000,15.6334300000000,1,1,262,15.11,9,Non-Missing
263,0,0,15.51,10.7252650000000,11.8219770000000,14.0514030000000,11.1192540000000,12.1458270000000,9.63399000000000,8.84095700000000,1,1,263,15.51,9,Non-Missing
264,0,0,13.08,7.80060300000000,8.27996200000000,7.94724100000000,13.5068150000000,9.36501600000000,8.79140400000000,10.0737720000000,1,1,264,13.08,9,Non-Missing
265,0,0,14.41,8.17141900000000,11.2877340000000,11.16604400000,13.5412960000000,9.61116200000000,12.7186620000000,13.6780000000000,1,1,265,14.41,9,Non-Missing
266,1,0,13.35,14.2047770000000,11.4565180000000,11.2648650000000,14.4403380000000,13.1018710000000,10.7218340000000,6.19936000000000,1,1,266,NA,1,MAR
267,0,1,8.03,2.71864800000000,9.196011000000,6.73979800000000,8.1383140000000,8.13120500000000,5.19753300000000,7.96283600000000,1,1,267,NA,2,MNAR
268,0,0,13.15,8.69675000000000,8.7475300000000,15.2800610000000,11.93910100000,11.1338020000000,15.0068490000000,7.85735500000000,1,1,268,13.15,9,Non-Missing
269,0,0,12.96,11.5894570000000,8.97256200000000,9.18410200000000,14.5396500000000,14.8718340000000,8.50430600000000,10.4010160000000,1,1,269,12.96,9,Non-Missing
270,0,0,12.38,12.707978000000,11.5580470000000,9.68232000000000,7.75839300000000,12.7263730000000,14.5060890000000,4.50773500000000,1,1,270,12.38,9,Non-Missing
271,0,1,9.6,9.49528300000000,5.73572900000000,7.92602300000000,11.0196690000000,9.48055600000000,7.69354200000000,6.4177300000000,1,1,271,NA,2,MNAR
272,0,0,20.94,15.0463920000000,15.0166930000000,13.4775750000000,11.8817150000000,18.2148840000000,9.6221350000000,15.7898490000000,1,1,272,20.94,9,Non-Missing
273,0,0,13.76,10.1372000000000,11.0591290000000,2.8753900000000,10.0725040000000,12.7827400000000,16.4987460000000,7.36649900000000,1,1,273,13.76,9,Non-Missing
274,0,0,12.96,9.13371900000000,10.3470170000000,7.72376100000000,10.3079970000000,7.18791000000000,9.93088700000000,8.71591100000000,1,1,274,12.96,9,Non-Missing
275,0,0,16.64,8.18496900000000,11.4810430000000,10.4907500000000,13.535532000000,15.0492180000000,10.6010510000000,8.77018800000000,1,1,275,16.64,9,Non-Missing
276,0,1,10.72,12.2578690000000,10.1363970000000,6.06144000000000,11.2515210000000,6.30316200000000,13.2014420000000,10.6043840000000,1,1,276,NA,2,MNAR
277,1,0,7.53,5.61898900000000,12.1465130000000,6.96258400000000,5.94146600000000,9.45335300000000,7.92157900000000,5.69975400000000,1,1,277,NA,1,MAR
278,0,0,13.08,8.55379600000000,9.77250100000000,8.93310200000000,10.815866000000,12.0930280000000,13.8055940000000,5.86435800000000,1,1,278,13.08,9,Non-Missing
279,0,0,16.5,17.2038870000000,11.6041840000000,12.7991940000000,14.5185950000000,15.7930440000000,14.9109010000000,5.98715200000000,1,1,279,16.5,9,Non-Missing
280,0,0,17.16,10.4209000000000,11.8958020000000,11.9135510000000,13.2668830000000,15.1342640000000,14.4007200000000,5.17482800000000,1,1,280,17.16,9,Non-Missing
281,0,0,13.92,4.82931300000000,12.3113670000000,7.50993900000000,11.084182000000,10.3698800000000,7.15510900000000,15.1523560000000,1,1,281,13.92,9,Non-Missing
282,0,1,8.83,9.33752200000000,8.30994800000000,7.16836100000000,5.15703500000000,2.72309000000000,8.6688230000000,12.8957030000000,1,1,282,NA,2,MNAR
283,0,0,14.77,10.6912750000000,12.5925380000000,12.4026170000000,10.5260460000000,13.8437010000000,11.871764000000,6.72660900000000,1,1,283,14.77,9,Non-Missing
284,0,1,8.89,16.4771340000000,10.2235480000000,10.4010980000000,8.27100500000000,3.27719100000000,5.76594400000000,8.41502900000000,1,1,284,NA,2,MNAR
285,0,0,16.54,8.03607000000000,18.1423550000000,11.8222970000000,12.7544430000000,12.8662380000000,11.6597300000000,13.3151390000000,1,1,285,16.54,9,Non-Missing
286,0,1,8.91,13.0985600000000,9.21915500000000,5.60125700000000,1.79354300000000,7.8299700000000,4.90521300000000,8.18975200000000,1,1,286,NA,2,MNAR
287,0,0,17.11,15.5925580000000,14.210636000000,12.3309650000000,12.8510110000000,11.5636610000000,7.33073000000000,17.0326450000000,1,1,287,17.11,9,Non-Missing
288,0,1,8.95,12.0356110000000,10.3354550000000,4.69529000000000,8.5273890000000,10.0216470000000,10.091456000000,7.26905200000000,1,1,288,NA,2,MNAR
289,1,0,7.51,8.12513200000000,5.9171710000000,4.92629900000000,6.69219700000000,3.45068700000000,9.84748800000000,4.47697200000000,1,1,289,NA,1,MAR
290,0,0,11.94,13.543147000000,11.2221090000000,9.66448000000000,11.0532200000000,5.6800220000000,10.1482950000000,10.3658040000000,1,1,290,11.94,9,Non-Missing
291,0,0,13.51,5.99690600000000,11.9885510000000,5.26791500000000,11.0450670000000,11.6031000000000,14.3929570000000,13.01959700000,1,1,291,13.51,9,Non-Missing
292,0,0,19.74,8.76832200000000,20.0756070000000,10.9810320000000,9.59785700000000,14.780309000000,12.7930300000000,16.2764660000000,1,1,292,19.74,9,Non-Missing
293,0,0,15.33,9.11879500000000,14.1117910000000,12.9177040000000,10.5339090000000,11.6390600000000,12.1667090000000,7.95590300000000,1,1,293,15.33,9,Non-Missing
294,0,0,17.03,12.7176660000000,12.9377240000000,14.1380960000000,12.8559010000000,9.81534700000000,14.9303850000000,8.62524200000000,1,1,294,17.03,9,Non-Missing
295,0,0,16.06,8.27513600000000,14.0599440000000,10.6845550000000,12.5109400000000,7.2484770000000,8.27269600000000,16.3640580000000,1,1,295,16.06,9,Non-Missing
296,0,1,7.99,13.8868910000000,8.32679800000000,9.93798500000000,9.68345100000000,9.7648870000000,7.5919490000000,13.8552270000000,1,1,296,NA,2,MNAR
297,0,0,12.64,8.61325600000000,6.59854800000000,4.56590400000000,10.0076980000000,8.65817100000000,9.69474400000000,10.4920990000000,1,1,297,12.64,9,Non-Missing
298,1,0,10.32,14.2834170000000,8.79036600000000,11.0616640000000,12.8160500000000,9.37777200000000,4.42335000000000,8.28118400000000,1,1,298,NA,1,MAR
299,1,0,12.49,11.4224380000000,10.6132100000000,3.23049200000000,12.3837490000000,8.76597200000000,9.40688200000000,8.96025800000000,1,1,299,NA,1,MAR
300,1,0,6.2,11.5196790000000,10.540338000000,7.92308900000000,7.80641900000000,12.8989940000000,2.50634900000000,5.48293500000000,1,1,300,NA,1,MAR
301,0,0,8.74,14.9973640000000,10.4570560000000,7.30771700000000,10.8895420000000,11.5766480000000,11.1315040000000,8.71832200000000,1,2,301,8.74,9,Non-Missing
302,1,0,10.56,3.48604100000000,13.1620460000000,9.95824000000000,10.0369570000000,12.6660980000000,12.3303030000000,11.7077620000000,1,2,302,NA,1,MAR
303,0,0,8.09,3.93843100000000,10.9477390000000,9.09656100000000,8.82361200000000,5.22245500000000,7.94080800000000,10.3948560000000,1,2,303,8.09,9,Non-Missing
304,1,0,10.9,9.94592000000000,6.65006800000000,9.28479200000000,9.3414940000000,10.2588650000000,13.4338450000000,12.5113440000000,1,2,304,NA,1,MAR
305,0,0,12.26,11.7816070000000,8.91842400000000,8.86710400000000,11.8031080000000,12.9093730000000,10.4969860000000,13.2176720000000,1,2,305,12.26,9,Non-Missing
306,0,0,13.37,6.56768000000000,15.0749400000000,16.5739920000000,10.1447660000000,8.29096300000000,12.7106850000000,10.7805810000000,1,2,306,13.37,9,Non-Missing
307,1,0,12.91,10.4923180000000,9.10566700000000,11.6582330000000,6.19812100000000,15.1547910000000,11.5609060000000,17.0911460000000,1,2,307,NA,1,MAR
308,0,0,10.98,6.84791100000000,7.01722100000000,11.248595000000,9.2364320000000,10.4534640000000,10.6540290000000,8.8359670000000,1,2,308,10.98,9,Non-Missing
309,0,0,14.14,5.41944600000000,12.8985560000000,12.1837890000000,14.1833860000000,10.4389250000000,12.2853050000000,12.0034470000000,1,2,309,14.14,9,Non-Missing
310,0,0,9.57,12.4375360000000,14.0760910000000,11.2598470000000,6.234277000000,8.16041700000000,6.37662900000000,8.43390800000000,1,2,310,9.57,9,Non-Missing
311,0,0,11.4,10.7379930000000,8.54364300000000,15.17621200000,12.2990810000000,12.8289120000000,11.3884320000000,14.943126000000,1,2,311,11.4,9,Non-Missing
312,0,0,12.95,7.85140800000000,10.4360330000000,9.92822000000000,10.1276320000000,10.2395850000000,12.3573590000000,10.5183290000000,1,2,312,12.95,9,Non-Missing
313,0,0,7.02,9.64463100000000,8.51374200000000,10.7398430000000,8.58666200000000,8.68506100000000,6.92132200000000,7.90007500000000,1,2,313,7.02,9,Non-Missing
314,0,0,9.89,4.92428900000000,10.8664030000000,5.81911900000000,9.20260300000000,8.58010600000000,8.24102500000000,9.87104200000000,1,2,314,9.89,9,Non-Missing
315,0,0,2.4,8.26209100000000,4.10575700000000,5.1056280000000,12.8777710000000,7.20947000000000,3.63915100000000,2.66884700000000,1,2,315,2.4,9,Non-Missing
316,0,0,8.11,6.95208200000000,5.30701700000000,6.43606000000000,12.119287000000,7.67918600000000,5.58918600000000,14.4998580000000,1,2,316,8.11,9,Non-Missing
317,0,0,12.73,12.8721040000000,9.3374430000000,17.0749700000000,10.3348890000000,7.13217000000000,10.6378550000000,11.601677000000,1,2,317,12.73,9,Non-Missing
318,1,0,14.55,10.4249740000000,10.6889820000000,11.5085800000000,13.7607210000000,17.286974000000,14.4173110000000,14.9116740000000,1,2,318,NA,1,MAR
319,0,0,8.41,5.49829700000000,10.6175720000000,8.75592600000000,13.2016300000000,7.09269100000000,8.01250900000000,6.65443800000000,1,2,319,8.41,9,Non-Missing
320,0,0,6.59,12.4762600000000,5.5417400000000,5.98018700000000,12.7969840000000,6.06819800000000,9.97845000000000,7.80659100000000,1,2,320,6.59,9,Non-Missing
321,0,0,12.17,9.70573600000000,4.25253800000000,17.3510410000000,12.3377490000000,11.9933990000000,10.4742170000000,11.9079030000000,1,2,321,12.17,9,Non-Missing
322,0,0,9.46,5.85861900000000,12.364551000000,13.8212370000000,8.81372300000000,6.22696900000000,11.4180950000000,9.53680300000000,1,2,322,9.46,9,Non-Missing
323,0,0,7.78,8.63314100000000,5.95087800000000,14.056389000000,8.211439000000,4.72140200000000,9.6583180000000,9.83901800000000,1,2,323,7.78,9,Non-Missing
324,0,0,13.23,10.9738770000000,11.2340500000000,11.1287350000000,12.933480000000,8.14835800000000,14.4012570000000,11.3829740000000,1,2,324,13.23,9,Non-Missing
325,0,0,8.33,7.51127600000000,12.5185330000000,3.85594600000000,7.84165300000000,8.63344100000000,8.87868300000000,12.128279000000,1,2,325,8.33,9,Non-Missing
326,0,0,9.19,9.32140400000000,11.579849000000,12.8140810000000,3.09385500000000,11.2435170000000,10.7012300000000,8.51036200000000,1,2,326,9.19,9,Non-Missing
327,0,0,9.58,12.5980480000000,14.737858000000,10.7680410000000,8.87226600000000,6.77194400000000,9.12189400000000,7.45463600000000,1,2,327,9.58,9,Non-Missing
328,0,0,7.33,18.2640470000000,9.58691200000000,12.2548560000000,2.89063200000000,11.1889710000000,5.55497000000000,11.6786420000000,1,2,328,7.33,9,Non-Missing
329,0,0,13.52,7.87580400000000,9.65234600000000,8.50087500000000,9.41254100000000,13.830919000000,12.4301660000000,13.9951660000000,1,2,329,13.52,9,Non-Missing
330,0,0,12.11,5.84928300000000,15.3826790000000,10.8804500000000,12.6089290000000,13.1279990000000,10.3737700000000,9.67474000000000,1,2,330,12.11,9,Non-Missing
331,0,0,18.12,9.06881600000000,17.4106090000000,17.0219110000000,13.1077570000000,14.4339440000000,10.0747040000000,13.7651350000000,1,2,331,18.12,9,Non-Missing
332,0,0,8.71,7.98970600000000,9.5014410000000,12.5278380000000,8.27439800000000,9.26841900000000,6.05567000000000,10.9535500000000,1,2,332,8.71,9,Non-Missing
333,1,0,9.84,4.72754900000000,11.0818230000000,11.0109090000000,8.79390400000000,10.228635000000,7.39547000000000,11.6218800000000,1,2,333,NA,1,MAR
334,0,0,12.06,13.8870330000000,10.0059210000000,12.9281070000000,13.5137200000000,10.9334350000000,9.95651400000000,9.47075800000000,1,2,334,12.06,9,Non-Missing
335,0,0,12.05,8.91242500000000,4.67083700000000,7.01519600000000,13.3821140000000,10.3496530000000,13.0733740000000,16.0425540000000,1,2,335,12.05,9,Non-Missing
336,1,0,9.04,9.63461600000000,14.0362550000000,11.3478740000000,6.50104700000000,9.28877500000000,4.45986900000000,9.18028200000000,1,2,336,NA,1,MAR
337,0,0,6.03,8.62692000000000,7.82341000000000,9.96373600000000,10.1448180000000,9.84250800000000,6.71913500000000,4.55358000000000,1,2,337,6.03,9,Non-Missing
338,0,0,8.06,9.76416000000000,6.06756600000000,9.24258600000000,9.61822600000000,8.86584400000000,8.81645300000000,14.095027000000,1,2,338,8.06,9,Non-Missing
339,0,0,4.01,10.4968430000000,11.1169640000000,7.7995540000000,2.12285000000000,8.89874400000000,2.73740900000000,5.73286400000000,1,2,339,4.01,9,Non-Missing
340,1,0,12.13,11.4044370000000,10.4443390000000,8.21468600000000,15.1083950000000,10.8692870000000,8.78756100000000,13.1155320000000,1,2,340,NA,1,MAR
341,1,0,5.41,9.2114220000000,7.14069900000000,7.25179000000000,7.27651000000000,7.47082400000000,12.2291580000000,6.3702830000000,1,2,341,NA,1,MAR
342,0,0,12.01,7.88221400000000,9.13011000000000,11.9555550000000,13.3087960000000,9.83371800000000,6.60536300000000,15.2021820000000,1,2,342,12.01,9,Non-Missing
343,1,0,9.87,4.30906100000000,11.6567130000000,14.5120550000000,5.61258400000000,7.96152600000000,8.34052700000000,8.23110700000000,1,2,343,NA,1,MAR
344,0,0,6.6,9.79376500000000,10.2291430000000,8.06240700000000,11.0480530000000,8.53476400000000,6.83149600000000,10.375316000000,1,2,344,6.6,9,Non-Missing
345,0,0,2.42,12.5295760000000,7.90729500000000,0,3.60418100000000,6.18398100000000,7.99394600000000,0.929621000000000,1,2,345,2.42,9,Non-Missing
346,0,0,6.84,4.71266900000000,5.08027100000000,9.21619400000000,10.4568880000000,3.31663300000000,6.31136400000000,10.5291940000000,1,2,346,6.84,9,Non-Missing
347,0,0,11.29,12.682364000000,10.1309190000000,10.8826030000000,8.1843380000000,11.8374380000000,14.1712750000000,13.084637000000,1,2,347,11.29,9,Non-Missing
348,0,0,13.48,11.0538490000000,15.0070210000000,7.69601100000000,12.3050800000000,11.9466370000000,14.5769530000000,11.2307370000000,1,2,348,13.48,9,Non-Missing
349,0,0,12.12,8.67212500000000,17.2123340000000,17.4751780000000,10.3185400000000,7.91687500000000,5.37197100000000,12.1845620000000,1,2,349,12.12,9,Non-Missing
350,0,0,5.45,10.8090530000000,18.5066130000000,5.03486500000000,8.91404600000000,5.04038500000000,9.02382900000000,5.68020700000000,1,2,350,5.45,9,Non-Missing
351,0,0,8.7,9.93756800000000,12.2910590000000,13.9407070000000,5.81612300000000,8.89186000000000,12.7506630000000,6.52402400000000,1,2,351,8.7,9,Non-Missing
352,0,0,9.46,9.63494800000000,8.63221800000000,10.3718750000000,8.58118200000000,10.7624620000000,8.73554800000000,12.99712300000,1,2,352,9.46,9,Non-Missing
353,0,0,7.69,10.5758260000000,8.99840900000000,4.51587400000000,8.73414300000000,12.361272000000,10.995214000000,9.52142300000000,1,2,353,7.69,9,Non-Missing
354,0,0,10.13,8.96637100000000,14.2389330000000,7.63443800000000,10.5728410000000,13.2522360000000,11.391308000000,8.90123800000000,1,2,354,10.13,9,Non-Missing
355,0,0,9.96,10.0950150000000,13.5400250000000,9.74901500000000,8.01146400000000,11.4008320000000,3.89947400000000,11.0027680000000,1,2,355,9.96,9,Non-Missing
356,0,0,6.77,8.50841200000000,13.2234170000000,6.94283400000000,2.59337600000000,11.203458000000,7.60613600000000,7.57991200000000,1,2,356,6.77,9,Non-Missing
357,0,0,11.54,8.12523600000000,8.745129000000,13.4099950000000,9.72888900000000,9.96881300000000,8.6929570000000,12.8726640000000,1,2,357,11.54,9,Non-Missing
358,0,0,11.15,8.81611200000000,12.4936460000000,12.872532000000,11.7465520000000,15.7154100000000,4.79602600000000,6.97988400000000,1,2,358,11.15,9,Non-Missing
359,0,0,14,15.4385210000000,12.632174000000,13.7012640000000,10.8981620000000,12.5792500000000,12.3252820000000,9.21072400000000,1,2,359,14,9,Non-Missing
360,0,0,11.24,6.61963000000000,4.63094300000000,12.5253050000000,8.1861410000000,9.22696100000000,12.8989250000000,8.33149100000000,1,2,360,11.24,9,Non-Missing
361,0,0,8.25,12.0189930000000,8.86438100000000,6.12560300000000,5.13999400000000,8.62691000000000,14.7206110000000,9.84583800000000,1,2,361,8.25,9,Non-Missing
362,0,0,8.32,5.63307400000000,16.6691280000000,8.18099800000000,8.52355600000000,4.43278000000000,8.66211200000000,8.66404000000000,1,2,362,8.32,9,Non-Missing
363,0,0,17.45,15.3557030000000,14.6869150000000,9.78386400000000,14.7551310000000,12.1233800000000,11.9225960000000,16.5301220000000,1,2,363,17.45,9,Non-Missing
364,0,0,7.97,9.63109500000000,5.00619100000000,7.38749900000000,11.2743170000000,10.5877000000000,6.64651500000000,10.8451370000000,1,2,364,7.97,9,Non-Missing
365,0,0,9.29,7.42551200000000,9.56184700000000,5.29814500000000,11.9833160000000,4.59404100000000,8.77518600000000,8.96251400000000,1,2,365,9.29,9,Non-Missing
366,0,0,13.16,5.28952200000000,11.866917000000,3.12003200000000,11.1775500000000,12.5667100000000,8.2003060000000,13.1011980000000,1,2,366,13.16,9,Non-Missing
367,0,0,6.32,7.09240700000000,3.76384100000000,7.7322580000000,4.94892300000000,10.4999720000000,8.81059000000000,14.6122630000000,1,2,367,6.32,9,Non-Missing
368,0,0,4.27,5.26533700000000,9.39392400000000,3.89932200000000,4.9350460000000,5.81707900000000,8.40238200000000,5.08913200000000,1,2,368,4.27,9,Non-Missing
369,0,0,11.99,10.2375050000000,8.00217300000000,9.74701600000,9.12382800000000,13.5482590000000,15.1822750000000,8.07051100000000,1,2,369,11.99,9,Non-Missing
370,0,0,5.37,7.43372900000000,9.74123900000000,8.87572100000000,1.78978500000000,10.0675980000000,10.272264000000,7.6443980000000,1,2,370,5.37,9,Non-Missing
371,0,0,5.73,10.2442690000000,5.20498700000000,4.60064900000000,4.11036700000000,7.12609300000000,12.0087460000000,13.0846660000000,1,2,371,5.73,9,Non-Missing
372,1,0,7.49,6.57525700000000,8.15009100000000,2.44107600000000,8.18848600000000,13.593608000000,9.40647300000000,12.049058000000,1,2,372,NA,1,MAR
373,0,0,13.93,9.67330000000000,8.82455700000000,11.6897310000000,7.33736500000000,13.8617770000000,12.8698230000000,10.5246120000000,1,2,373,13.93,9,Non-Missing
374,0,0,7.87,7.16731200000000,10.1922150000000,7.79439100000000,11.5638130000000,8.48641800000000,12.3025980000000,10.3874690000000,1,2,374,7.87,9,Non-Missing
375,0,0,15.57,11.8777390000000,9.25508900000000,8.2178910000000,14.7343080000000,9.68035800000000,16.8377280000000,16.7550670000000,1,2,375,15.57,9,Non-Missing
376,0,0,8.4,11.6231740000000,5.95117900000000,3.91301000000000,15.0217840000000,12.2410690000000,11.7238820000000,7.66769000000000,1,2,376,8.4,9,Non-Missing
377,0,0,8.36,9.85417400000000,9.78148600000000,13.9360500000000,11.0587510000000,12.8117370000000,9.68510100000000,6.25348400000000,1,2,377,8.36,9,Non-Missing
378,0,0,15.28,14.1891220000000,11.8518140000000,9.33727000000000,15.0008650000000,12.405145000000,10.9657320000000,15.1006470000000,1,2,378,15.28,9,Non-Missing
379,0,0,6.18,11.3268860000000,10.9684210000000,4.87052800000000,9.61759000000000,8.22169100000000,10.3778850000000,6.36762000000000,1,2,379,6.18,9,Non-Missing
380,0,0,5.47,12.6155920000000,7.79572000000000,5.58155900000000,8.37074300000000,5.04588800000000,1.2909210000000,11.6024390000000,1,2,380,5.47,9,Non-Missing
381,0,0,13.88,9.42420100000000,9.85000300000000,11.0048220000000,10.3255550000000,14.2216160000000,13.4849340000000,6.7635800000000,1,2,381,13.88,9,Non-Missing
382,0,0,9.87,2.62184800000000,9.14314200000000,15.2091440000000,11.9698060000000,5.10664900000000,5.23155000000000,11.1326540000000,1,2,382,9.87,9,Non-Missing
383,0,0,9.12,10.4946830000000,10.0796670000000,10.0319960000000,6.09974800000000,16.0110410000000,5.70975200000,9.53023700000000,1,2,383,9.12,9,Non-Missing
384,0,0,10.59,8.84893300000000,10.4441570000000,13.0733380000000,16.0060110000000,10.7093760000000,7.02656700000000,7.18804700000000,1,2,384,10.59,9,Non-Missing
385,1,0,19.44,9.1249350000000,12.3725740000000,14.048479000000,16.1731720000000,14.4463110000000,8.25984300000000,14.5851820000000,1,2,385,NA,1,MAR
386,0,0,3.97,2.35308300000000,6.97416900000000,5.27698900000000,5.76558200000000,5.25102600000000,6.77307800000000,7.0107550000000,1,2,386,3.97,9,Non-Missing
387,0,0,6.97,9.27316300000000,9.87864700000000,12.7195370000000,8.73523500000000,4.23623300000000,9.52374400000000,8.56264700000000,1,2,387,6.97,9,Non-Missing
388,1,0,8.9,8.86907300000000,8.28994000000000,10.1832300000000,10.1568920000000,12.1819050000000,10.5505920000,8.66953700000000,1,2,388,NA,1,MAR
389,0,0,10.9,10.8608430000000,13.1317190000000,14.9074210000000,7.49714000000000,14.6117730000000,7.73562600000000,10.8387090000000,1,2,389,10.9,9,Non-Missing
390,0,0,12.13,7.88595400000000,12.5893000000000,10.7440590000000,8.22939700000000,14.1069240000000,5.06120500000000,9.33943300000000,1,2,390,12.13,9,Non-Missing
391,0,0,10.14,6.4271100000000,11.6376430000000,7.02622100000000,11.6602320000000,10.5062570000000,11.8137990000000,7.28479300000000,1,2,391,10.14,9,Non-Missing
392,0,0,10.23,10.5211470000000,14.9308930000000,8.29842900000000,9.52602200000000,11.960816000000,10.1722330000000,15.3958380000000,1,2,392,10.23,9,Non-Missing
393,0,0,6.86,7.05824500000000,9.81179500000000,6.12592000000000,5.89996700000000,8.13902400000000,11.2155570000000,9.59975700000000,1,2,393,6.86,9,Non-Missing
394,0,0,8.38,2.75541200000000,11.4566640000000,15.217352000000,9.43687300000000,5.56639800000000,8.27040400000000,6.71770200000000,1,2,394,8.38,9,Non-Missing
395,0,0,13.31,11.2533140000000,8.42500300000000,13.2099680000000,14.6753080000000,17.149821000000,9.63086300000000,12.2811420000000,1,2,395,13.31,9,Non-Missing
396,1,0,10.55,10.7109540000000,9.95530400000000,10.7849900000000,12.9655390000000,11.442996000000,9.04611600000000,4.18961100000000,1,2,396,NA,1,MAR
397,0,0,2.65,16.3905750000000,3.52484600000000,4.42313900000000,11.5941700000000,1.60476700000000,9.62599600000000,6.65988200000000,1,2,397,2.65,9,Non-Missing
398,0,0,5.91,7.86320900000000,0.312148000000000,5.88768200000000,9.56082000000000,9.90281600000000,14.0709530000000,8.69662000000000,1,2,398,5.91,9,Non-Missing
399,0,0,9.86,12.4650820000000,11.2571330000000,10.3402070000000,7.75254400000000,9.87581800000000,12.1257730000000,11.8383170000000,1,2,399,9.86,9,Non-Missing
400,0,0,9.49,12.8518140000000,10.3293860000000,9.13986600000000,7.58603800000000,8.84959000000000,5.93717200000000,8.08817000000000,1,2,400,9.49,9,Non-Missing
401,1,0,4.51,10.7203970000000,8.33451000000000,3.59111000000000,10.3650390000000,2.90728700000000,4.73008700000000,10.8780200000000,1,2,401,NA,1,MAR
402,0,0,6.1,5.11246300000000,9.56667500000000,8.12765300000000,6.98597600000000,4.95228500000000,5.60059400000000,14.1817690000000,1,2,402,6.1,9,Non-Missing
403,0,0,9.05,12.4703950000000,10.444284000000,6.20719900000000,6.8722770000000,11.6946860000000,6.05384300000000,11.0816450000000,1,2,403,9.05,9,Non-Missing
404,0,0,11.45,9.33913400000000,12.8225740000000,11.662903000000,9.78367500000000,12.8029120000000,14.955457000000,10.402862000000,1,2,404,11.45,9,Non-Missing
405,0,0,10.61,7.4455160000000,15.3324610000000,12.488432000000,12.1072280000000,10.4791000000000,11.4042450000000,10.4908280000000,1,2,405,10.61,9,Non-Missing
406,0,0,9.53,17.7035120000000,12.0708360000000,9.18661100000000,13.1962070000000,8.15675600000000,14.5607730000000,8.79453600000000,1,2,406,9.53,9,Non-Missing
407,0,0,5.55,7.29924200000000,4.37649000000000,3.21490000000000,7.50223700000000,3.21654100000000,6.00844800000000,8.68692200000000,1,2,407,5.55,9,Non-Missing
408,0,0,9.57,10.5047910000000,14.7772820000000,7.44472900000000,5.67622400000000,5.01539900000000,11.5917570000000,9.90516500000000,1,2,408,9.57,9,Non-Missing
409,0,0,11.97,10.8707280000000,10.7964730000000,9.02594700000000,14.1881560000000,9.62074300000000,12.5580090000000,11.1828840000000,1,2,409,11.97,9,Non-Missing
410,1,0,8.57,10.2935290000000,9.20646700000000,3.82362200000000,14.1981450000000,12.4631990000000,7.45017400000000,10.5958110000000,1,2,410,NA,1,MAR
411,0,0,14.21,9.04197700000000,12.1021900000000,12.7082100000000,8.87690300000000,8.62685500000000,11.4664860000000,13.1771010000000,1,2,411,14.21,9,Non-Missing
412,0,0,6.99,11.6272900000000,5.1536380000000,10.8498420000000,6.83269600000000,7.72020300000000,8.70850500000000,4.48282800000000,1,2,412,6.99,9,Non-Missing
413,0,0,6.29,7.76612900000000,12.2459760000000,5.38736500000000,8.24520800000000,2.06531700000000,6.98877400000000,7.46220400000000,1,2,413,6.29,9,Non-Missing
414,1,0,10.01,5.47325400000000,10.6500710000000,13.3182660000000,6.87533500000000,8.99176000000000,13.8994450000000,8.28362900000000,1,2,414,NA,1,MAR
415,0,0,6.33,13.8009350000000,10.9972150000000,7.48254400000000,6.34385400000000,7.75033700000000,11.0489460000000,7.27428100000000,1,2,415,6.33,9,Non-Missing
416,0,0,9.93,6.04530700000000,9.19694100000000,6.50138600000000,10.1683870000000,9.48563500000000,9.75625000000000,8.14418900000000,1,2,416,9.93,9,Non-Missing
417,0,0,4.59,9.1037820000000,0,4.61452400000000,10.1972550000000,6.99384000000000,4.79883500000000,6.90481500000000,1,2,417,4.59,9,Non-Missing
418,0,0,13.09,14.803309000000,13.8299680000000,14.5366140000000,10.2205880000000,13.4363000000000,8.43718000000000,10.7426940000000,1,2,418,13.09,9,Non-Missing
419,1,0,12.76,8.68455100000000,13.0956440000000,16.7514750000000,12.1121770000000,10.2679350000000,16.6627290000000,8.85052400000000,1,2,419,NA,1,MAR
420,0,0,5.3,13.3615590000000,3.75392300000000,7.83859300000000,8.72526100000000,7.47143300000000,4.19690100000000,6.92622100000000,1,2,420,5.3,9,Non-Missing
421,0,0,5.08,3.76589100000000,9.72253000000000,10.2970800000000,7.27520500000000,7.24554000000000,9.79755300000000,11.6424910000000,1,2,421,5.08,9,Non-Missing
422,0,0,11.22,9.44395800000000,13.5049160000000,12.6138530000000,13.5399940000000,9.2428020000000,12.1658120000000,10.8500540000000,1,2,422,11.22,9,Non-Missing
423,0,0,9.5,10.4236970000000,10.9708870000000,10.5895710000000,7.58940400000000,9.37660300000000,16.6602810000000,9.32343400000000,1,2,423,9.5,9,Non-Missing
424,0,0,8.48,8.36729600000000,6.41598100000000,11.7029390000000,9.70661000000000,10.7018280000000,8.58331300000000,4.85664900000000,1,2,424,8.48,9,Non-Missing
425,0,0,1.69,7.17717100000000,3.2177810000000,5.87676100000000,10.6599830000000,6.4568380000000,6.17680300000000,3.34766400000000,1,2,425,1.69,9,Non-Missing
426,0,0,12.01,14.4619670000000,8.2830880000000,9.28786700000000,12.3293310000000,10.6382450000000,11.4197680000000,7.07186700000000,1,2,426,12.01,9,Non-Missing
427,0,0,9.66,7.42452200000000,8.78770500000000,9.90813400000000,11.6584270000000,8.52920700000000,7.57664100000000,14.3497130000000,1,2,427,9.66,9,Non-Missing
428,1,0,15.57,7.68089700000000,17.3696540000000,15.1175060000000,12.5995530000000,13.4685420000000,11.9267270000000,11.4552270000000,1,2,428,NA,1,MAR
429,0,0,15.72,17.0603590000000,12.2435300000000,11.4830940000000,12.2769420000000,14.9167830000000,15.8242790000000,12.8957300000000,1,2,429,15.72,9,Non-Missing
430,1,0,13.97,14.1621270000000,21.3840710000000,11.2687960000000,9.58689100000000,12.6375830000000,10.3052900000000,13.1564820000000,1,2,430,NA,1,MAR
431,0,0,5.76,6.44910800000000,12.6593670000000,8.98336200000000,5.84026600000000,5.42574400000000,6.8536960000000,9.98343600000000,1,2,431,5.76,9,Non-Missing
432,0,0,8.7,10.9405340000000,9.31376600000000,8.54132000000000,8.8970600000000,12.5234160000000,5.68991200000000,12.3325080000000,1,2,432,8.7,9,Non-Missing
433,0,0,6.66,5.69472800000000,9.68957300000000,6.99119100000000,11.8188090000000,6.47269400000000,3.84349600000000,6.40073100000000,1,2,433,6.66,9,Non-Missing
434,0,0,10.25,7.8115170000000,9.00136000000000,11.0244650000000,6.9394460000000,12.2080560000000,10.1192240000000,10.0215330000000,1,2,434,10.25,9,Non-Missing
435,0,0,8.76,12.3062500000000,13.3226170000000,12.8856050000000,6.46469800000000,7.33361500000000,9.26853800000000,6.61170800000000,1,2,435,8.76,9,Non-Missing
436,0,0,5.77,11.6441790000000,5.16474600000000,7.52710900000000,5.25188600000000,6.18803700000000,9.08720600000000,6.22753300000000,1,2,436,5.77,9,Non-Missing
437,0,0,7.29,6.58176500000000,13.8304490000000,7.36887900000000,6.1158650000000,5.31526700000000,8.7518480000000,8.08537000000000,1,2,437,7.29,9,Non-Missing
438,0,0,14.62,12.5515070000000,14.4907100000000,12.2654020000000,14.6503520000000,11.3888960000000,14.1534650000000,11.1658940000000,1,2,438,14.62,9,Non-Missing
439,0,0,10.4,7.24242000000000,11.7728220000000,10.0524880000000,8.46891900000000,7.73497400000000,14.3378290000000,9.54680400000000,1,2,439,10.4,9,Non-Missing
440,0,0,11.2,12.4538160000000,10.1660390000000,10.7049590000000,7.552024000000,12.5797300000000,10.6722330000000,12.4168840000000,1,2,440,11.2,9,Non-Missing
441,1,0,5.67,7.35783000000000,7.10161200000000,6.17472400000000,9.69320300000000,4.66074100000000,3.90028900000000,6.85246000000000,1,2,441,NA,1,MAR
442,1,0,11.35,12.4506230000000,9.5241830000000,10.1718610000000,10.6866300000000,13.4684790000000,14.0265930000000,13.9990490000000,1,2,442,NA,1,MAR
443,1,0,13.8,16.7778130000000,15.058994000000,10.8189510000000,8.57225100000000,11.9489530000000,9.8999610000000,12.1736320000000,1,2,443,NA,1,MAR
444,0,0,17.43,13.8692710000000,14.341635000000,12.4123870000000,18.2825400000000,12.0921280000000,16.0792210000000,16.6242640000000,1,2,444,17.43,9,Non-Missing
445,0,0,11.12,10.2908670000000,7.32718400000000,7.36259500000000,13.3808430000000,3.24156400000000,11.5382510000000,10.1618340000000,1,2,445,11.12,9,Non-Missing
446,0,0,12.4,11.0014770000000,11.0441320000000,9.2385860000000,11.4123310000000,14.5048440000000,12.5315680000000,14.8042860000000,1,2,446,12.4,9,Non-Missing
447,0,0,9.92,7.80859000000000,7.61496200000000,14.9740560000000,7.58654700000000,12.4557070000000,9.12313000000000,6.8421130000000,1,2,447,9.92,9,Non-Missing
448,0,0,7.95,6.65345900000000,11.9459450000000,7.68910700000000,14.0364960000000,8.80727200000000,6.71136500000000,8.50077100000000,1,2,448,7.95,9,Non-Missing
449,0,0,12.07,10.2476920000000,12.7588140000000,12.1597850000000,12.8087940000000,11.043824000000,8.47216600000000,11.912453000000,1,2,449,12.07,9,Non-Missing
450,0,0,10.37,13.3945630000000,13.9145750000000,10.5568310000000,9.16925800000000,14.7686870000000,6.83751300000000,7.74610700000000,1,2,450,10.37,9,Non-Missing
451,0,0,15.58,7.23454900000000,13.4447380000000,11.4703990000000,14.4109630000000,15.6089430000000,11.685403000000,13.65318000000,1,2,451,15.58,9,Non-Missing
452,0,0,9.2,10.4631320000000,9.5540340000000,8.94823400000000,9.07662600000000,12.1975540000000,9.17057100000000,14.6704160000000,1,2,452,9.2,9,Non-Missing
453,0,0,13.62,6.543395000000,8.81964000000000,9.91148800000000,11.2514730000000,10.34658600000,9.73514100000000,16.2757780000000,1,2,453,13.62,9,Non-Missing
454,0,0,4.58,13.7966940000000,11.6025900000000,6.68785400000000,7.39372800000000,12.5768940000000,8.12241200000000,10.8526890000000,1,2,454,4.58,9,Non-Missing
455,0,0,8.64,5.42474500000000,3.7041440000000,9.49855000000000,10.2989670000000,8.18273000000000,11.287706000000,10.8598190000000,1,2,455,8.64,9,Non-Missing
456,0,0,13.85,11.2249440000000,13.4570860000000,12.5930170000000,15.9875330000000,11.5424140000000,8.55110900000000,10.0009190000000,1,2,456,13.85,9,Non-Missing
457,0,0,10.51,12.0726330000000,8.1214360000000,4.98925700000000,15.7755400000000,11.4372430000000,13.1213760000000,9.39060800000000,1,2,457,10.51,9,Non-Missing
458,0,0,14.49,11.0422820000000,9.325359000000,10.358744000000,15.4879650000000,13.0940270000000,11.1152720000000,12.819261000000,1,2,458,14.49,9,Non-Missing
459,0,0,4.59,6.88366800000000,9.70162000000000,11.0041980000000,3.10307700000000,9.49518700000000,8.78408300000000,7.7518140000000,1,2,459,4.59,9,Non-Missing
460,0,0,8.26,13.1710750000000,5.54054100000000,6.74061200000000,14.1026830000000,6.31075900000000,2.42515800000000,9.66500500000000,1,2,460,8.26,9,Non-Missing
461,0,0,10,11.2250980000000,9.50219100000000,12.5114360000000,10.8121580000000,11.8869050000000,10.8793290000000,11.1054810000000,1,2,461,10,9,Non-Missing
462,0,0,15.98,5.49612800000000,13.2647440000000,15.8707880000000,11.0424540000000,10.0569410000000,12.0339340000000,16.6120530000000,1,2,462,15.98,9,Non-Missing
463,0,0,6.52,8.10796300000000,8.45439200000000,4.48466400000000,12.2171800000000,7.91876500000000,3.35747500000000,8.78963400000000,1,2,463,6.52,9,Non-Missing
464,0,0,16.27,6.16206200000000,8.60018600000000,13.5429770000000,15.1366440000000,11.770579000000,12.9295490000000,9.28853600000000,1,2,464,16.27,9,Non-Missing
465,1,0,11.71,12.7225160000000,13.3335770000000,8.59173400000000,11.9147960000000,7.88808900000000,16.7037090000000,11.8486340000000,1,2,465,NA,1,MAR
466,0,0,8.92,6.25857900000000,9.84760500000000,11.2718350000000,8.26789300000000,7.44851800000000,5.21170700000000,11.2317960000000,1,2,466,8.92,9,Non-Missing
467,0,0,6.96,10.4925140000000,5.32323200000000,5.05609700000000,5.13153100000000,8.09997200000000,11.2548490000000,11.0465720000000,1,2,467,6.96,9,Non-Missing
468,0,0,6.02,8.70386600000000,6.37753900000000,8.82116000000000,3.58924600000000,11.6298780000000,11.6906770000000,11.0624880000000,1,2,468,6.02,9,Non-Missing
469,0,0,8.56,13.2446820000000,9.91687000000000,10.2303270000000,3.64234300000000,7.95646000000000,12.2069890000000,9.70730400000000,1,2,469,8.56,9,Non-Missing
470,0,0,7.12,15.9205530000000,8.74160500000000,7.46775200000000,3.50265600000000,4.02494500000000,12.5807030000000,6.90227000000000,1,2,470,7.12,9,Non-Missing
471,1,0,2.69,16.383171000000,4.89247100000000,6.47023800000000,8.1196490000000,7.527878000000,3.69792200000000,3.7200570000000,1,2,471,NA,1,MAR
472,1,0,11.25,15.2031780000000,8.61422000000000,8.81213300000000,5.29026700000000,15.9510820000000,8.67709800000000,9.71298100000000,1,2,472,NA,1,MAR
473,0,0,13.01,11.0153510000000,9.72622700000000,6.25075000000000,14.9055370000000,12.7168000000000,10.7108620000000,14.1213180000000,1,2,473,13.01,9,Non-Missing
474,1,0,9.79,13.0789600000000,11.981320000000,8.70976100000000,18.7203890000000,3.10186600000000,10.0605960000000,13.2015620000000,1,2,474,NA,1,MAR
475,1,0,9.27,12.8887730000000,11.2974050000000,9.69538400000000,7.36843800000000,13.1012260000000,8.8084690000000,8.96417800000000,1,2,475,NA,1,MAR
476,0,0,4.7,8.37501200000000,9.89651200000000,11.5903750000000,4.73940100000000,6.43803200000000,1.52876600000000,10.9488130000000,1,2,476,4.7,9,Non-Missing
477,0,0,8.31,10.8824430000000,11.9935930000000,8.67646500000000,11.6418940000000,11.1087150000000,4.96178600000000,10.165132000000,1,2,477,8.31,9,Non-Missing
478,0,0,7.56,12.2374940000000,9.90663500000000,7.46733700000000,8.67237700000000,9.60730800000000,6.32859400000000,7.24106900000000,1,2,478,7.56,9,Non-Missing
479,0,0,9.85,9.2719240000000,5.78424300000000,11.3600560000000,8.24986600000000,10.930725000000,10.4691830000000,9.0544550000000,1,2,479,9.85,9,Non-Missing
480,0,0,8.32,13.6196350000000,8.51386400000000,14.8046310000000,5.51448600000000,13.5599540000000,12.4486630000000,7.427121000000,1,2,480,8.32,9,Non-Missing
481,0,0,10.27,15.0658630000000,9.34159300000000,15.6603160000000,6.83245500000000,13.7010550000000,8.67207100000000,11.077277000000,1,2,481,10.27,9,Non-Missing
482,0,0,10.96,12.9335500000000,10.4429560000000,14.0784400000000,10.6676740000000,10.8342140000000,10.2103930000000,9.1936080000000,1,2,482,10.96,9,Non-Missing
483,0,0,12.29,13.6821550000000,15.4105330000000,11.6430170000000,11.0916920000000,14.917704000000,10.4897560000000,7.90409700000000,1,2,483,12.29,9,Non-Missing
484,0,0,9.64,14.2598470000000,8.28351800000000,12.9743710000000,16.4390170000000,8.80549500000000,10.9235250000000,8.33443600000000,1,2,484,9.64,9,Non-Missing
485,1,0,16.64,13.0923450000000,15.1392570000000,15.3953580000000,14.2678550000000,14.2547500000000,10.1438690000000,13.8271040000000,1,2,485,NA,1,MAR
486,0,0,3.57,12.9544520000000,1.50064400000000,3.94400300000000,4.90471700000000,5.97163900000000,6.02384500000000,9.34209500000000,1,2,486,3.57,9,Non-Missing
487,0,0,13.49,3.47222200000000,10.8905290000000,13.4557460000000,14.0344270000000,10.527469000000,9.90371900000000,10.5921790000000,1,2,487,13.49,9,Non-Missing
488,0,0,6.46,8.97104200000000,9.47932000000000,7.312194000000,5.78919900000000,4.37248700000000,7.7760670000000,13.5557880000000,1,2,488,6.46,9,Non-Missing
489,0,0,18.3,4.09664900000000,13.1211840000000,14.5506600000000,11.4200800000000,15.9725220000000,14.9366360000000,12.8768720000000,1,2,489,18.3,9,Non-Missing
490,0,0,8.37,7.12488700000000,9.70022100000000,10.8725810000000,9.06912100000000,11.6103740000000,2.40918000000000,11.3083310000000,1,2,490,8.37,9,Non-Missing
491,0,0,8.64,10.204034000000,9.80466000000000,2.35813700000000,6.22762800000000,11.6127640000000,5.68343300000000,9.25335200000000,1,2,491,8.64,9,Non-Missing
492,0,0,5.9,4.96768800000000,9.40047100000000,3.45327200000000,6.14293700000000,8.37123700000000,6.0333840000000,8.23067000000000,1,2,492,5.9,9,Non-Missing
493,0,0,7.83,14.8315540000000,9.16487200000000,10.2514360000000,4.03652100000000,9.55386800000000,7.38832300000000,6.11758400000000,1,2,493,7.83,9,Non-Missing
494,1,0,14.4,7.57979000000000,4.88896800000000,11.9138940000000,14.050754000000,18.4363570000000,13.8973420000000,14.3717960000000,1,2,494,NA,1,MAR
495,0,0,6.62,11.1097910000000,5.58856100000000,7.77892900000000,4.83241200000000,8.95522600000000,10.0689730000000,8.98752200000000,1,2,495,6.62,9,Non-Missing
496,0,0,9.3,9.29852000000000,4.79936500000000,9.61960500000000,14.4573990000000,11.5905090000000,13.7178980000000,13.3669960000000,1,2,496,9.3,9,Non-Missing
497,0,0,5.92,12.7208470000000,6.60181400000000,11.1469100000000,3.44684200000000,11.7124150000000,7.19372000000000,12.4762020000000,1,2,497,5.92,9,Non-Missing
498,0,0,12.24,9.73431400000000,9.11458500000000,8.37953100000000,17.429772000000,8.22883400000000,12.360850000000,10.2505680000000,1,2,498,12.24,9,Non-Missing
499,0,0,11.04,5.26078000000000,6.21995100000000,12.1966490000000,9.66916200000000,15.7924380000000,12.0517560000000,14.8313360000000,1,2,499,11.04,9,Non-Missing
500,0,0,11.05,9.17636800000000,12.765602000000,10.2143580000000,13.0675540000000,8.04792000000000,12.9866250000000,9.38204500000000,1,2,500,11.05,9,Non-Missing
501,0,0,14.18,11.0138740000000,11.5255960000000,13.5857660000000,11.8251060000000,8.09018800000000,5.86429200000000,11.108701000000,1,2,501,14.18,9,Non-Missing
502,0,0,14.01,8.93925100000000,13.6752560000000,14.9506910000000,9.70247600000000,9.01770900000000,11.8069960000000,15.3174390000000,1,2,502,14.01,9,Non-Missing
503,0,0,9.21,10.7033660000000,16.2603410000000,8.4628500000000,8.56530900000000,5.06921000000000,6.88107000000000,11.8385960000000,1,2,503,9.21,9,Non-Missing
504,0,0,12.49,9.86623200000000,15.211226000000,14.1886180000000,16.2764770000000,5.69719000000000,9.50853200000000,13.6323850000000,1,2,504,12.49,9,Non-Missing
505,0,0,10.65,4.40572900000000,6.69033100000000,15.1916820000000,9.27944600000000,14.8924170000000,12.3710280000000,11.9199240000000,1,2,505,10.65,9,Non-Missing
506,1,0,8.61,8.43371800000000,7.3712360000000,9.19419200000000,4.19246000000000,6.01555700000000,11.5692850000000,10.5580250000000,1,2,506,NA,1,MAR
507,1,0,9.28,8.62298300000000,7.260140000000,10.5669370000000,6.65621000000000,11.2419420000000,9.39804100000000,12.0064000000000,1,2,507,NA,1,MAR
508,1,0,12.47,10.1145250000000,9.10272300000000,15.2952070000000,10.7319770000000,13.2857330000000,11.9425740000000,14.7833720000000,1,2,508,NA,1,MAR
509,0,0,13.82,5.99216900000000,12.967200000000,8.93792400000000,11.3463160000000,10.0879100000000,10.9319970000000,9.81183400000000,1,2,509,13.82,9,Non-Missing
510,0,0,5.33,8.75961300000000,7.52401600000000,6.59761300000000,13.1195330000000,3.22698300000000,8.43195000000000,5.03525200000000,1,2,510,5.33,9,Non-Missing
511,0,0,13.98,14.4702680000000,11.8541160000000,9.5641430000000,16.9460520000000,10.7100920000000,8.91100600000000,7.63468700000000,1,2,511,13.98,9,Non-Missing
512,0,0,8.43,12.0586980000000,4.79960300000000,8.53861700000000,12.2722680000000,8.42300600000000,7.41445500000000,9.42488300000000,1,2,512,8.43,9,Non-Missing
513,0,0,16.63,11.9285110000000,15.6696300000000,12.3851690000000,11.002117000000,14.0513940000000,8.18156900000000,16.2732170000000,1,2,513,16.63,9,Non-Missing
514,0,0,11.06,7.69021800000000,16.1854990000000,10.5214780000000,6.67416800000000,9.95217200000000,8.27024500000000,6.42717700000000,1,2,514,11.06,9,Non-Missing
515,0,0,18.64,10.6481580000000,14.8435160000000,9.97836400000000,16.6800230000000,14.5616000000000,10.5611570000000,12.8366400000000,1,2,515,18.64,9,Non-Missing
516,0,0,6,13.475718000000,10.5508220000000,7.73276900000000,8.41538700000000,6.19028700000000,7.1882710000000,4.72921500000000,1,2,516,6,9,Non-Missing
517,0,0,10.84,17.7708220000000,10.795595000000,6.35088900000000,12.9428580000000,9.60924300000000,14.2577460000000,10.5452700000000,1,2,517,10.84,9,Non-Missing
518,1,0,8.79,16.2651900000000,6.06960900000000,10.9744890000000,7.13713000000000,13.0779500000000,11.0184800000000,8.63573000000000,1,2,518,NA,1,MAR
519,0,0,4.68,7.45593400000000,9.17782100000000,10.1155470000000,3.36411400000000,8.58735500000000,4.87930600000000,6.30312300000000,1,2,519,4.68,9,Non-Missing
520,1,0,11.28,7.75518200000000,11.1278550000000,14.6140880000000,12.759574000000,11.3765580000000,10.4852890000000,13.1795130000000,1,2,520,NA,1,MAR
521,0,0,5.15,1.53931200000000,6.69295600000000,11.8038800000000,7.7247430000000,6.49851100000000,2.67175000000000,6.59073600000000,1,2,521,5.15,9,Non-Missing
522,0,0,10.44,8.98985600000000,13.6265340000000,5.88632400000000,6.0789210000000,7.16433400000000,10.0892490000000,16.1218430000000,1,2,522,10.44,9,Non-Missing
523,1,0,10.08,14.0324840000000,11.0488700000000,9.05922700000000,10.1022520000000,13.456893000000,9.91598600000000,10.7597510000000,1,2,523,NA,1,MAR
524,0,0,7.16,9.73678200000000,12.4825260000000,8.65952100000000,10.9536420000000,7.63485100000000,6.62264900000000,10.3322310000000,1,2,524,7.16,9,Non-Missing
525,0,0,11.55,9.06530900000000,10.6304940000000,12.8760130000000,14.351685000000,9.2676210000000,9.03144000000000,9.48841800000000,1,2,525,11.55,9,Non-Missing
526,1,0,10.08,9.09149000000000,6.6375870000000,9.02487000000000,9.09470800000000,10.3518160000000,12.0519550000000,14.4858800000000,1,2,526,NA,1,MAR
527,0,0,16.85,12.6260510000000,12.7204040000000,16.2243950000000,14.0276010000000,12.1216280000000,10.9487710000000,14.9715750000000,1,2,527,16.85,9,Non-Missing
528,0,0,6.51,3.19635500000000,9.20862300000000,8.24865700000000,3.05585800000000,7.8330020000000,9.75087900000000,10.3595470000000,1,2,528,6.51,9,Non-Missing
529,0,0,10.72,11.5203590000000,9.84818900000000,7.31991600000000,10.8504940000000,12.6852390000000,16.3889130000000,8.94981500000000,1,2,529,10.72,9,Non-Missing
530,0,0,11.93,13.4937720000000,10.2717620000000,12.5262490000000,12.7961790000000,8.36763800000000,11.0107640000000,11.6051080000000,1,2,530,11.93,9,Non-Missing
531,0,0,10.42,6.57802300000000,11.4219100000000,13.7947220000000,10.4747330000000,9.78752700000000,9.17089000000000,13.849798000000,1,2,531,10.42,9,Non-Missing
532,1,0,10.44,11.4826410000000,11.4101520000000,10.7630060000000,6.75515600000000,15.9347130000000,6.90481800000000,12.6498120000000,1,2,532,NA,1,MAR
533,0,0,9.8,5.85657800000000,9.69618600000000,7.56242600000000,10.317725000000,15.4130560000000,11.9081170000000,5.25552900000000,1,2,533,9.8,9,Non-Missing
534,0,0,12.71,11.6871950000000,10.3057150000000,7.5561210000000,11.1416800000000,14.2724100000000,8.56513600000000,8.91770500000000,1,2,534,12.71,9,Non-Missing
535,1,0,10.71,9.04118000000000,9.35997700000000,13.1339230000000,10.2649680000000,10.8127810000000,14.5722100000000,12.4852860000000,1,2,535,NA,1,MAR
536,1,0,6.85,10.1751070000000,9.26012000000000,10.0526820000000,7.42859200000000,9.42371200000000,6.86154000000000,9.77027700000000,1,2,536,NA,1,MAR
537,0,0,12.8,8.86916300000000,8.99943900000000,12.5126280000000,2.70698000000000,11.1887070000000,11.4756410000000,17.3298830000000,1,2,537,12.8,9,Non-Missing
538,0,0,15.81,11.1078290000000,12.0463180000000,13.4647640000000,10.8371710000000,8.74583400000000,14.1737270000000,12.3061430000000,1,2,538,15.81,9,Non-Missing
539,0,0,10.76,11.1598150000000,7.81608400000000,11.7902680000000,13.8240080000000,13.016464000000,6.78330200000000,10.7699160000000,1,2,539,10.76,9,Non-Missing
540,0,0,10.67,6.28917400000000,9.09263500000000,13.1062030000000,12.5791340000000,15.032564000000,7.33342300000000,8.18235900000000,1,2,540,10.67,9,Non-Missing
541,0,0,11.49,15.1707930000000,11.886786000000,10.7431470000000,15.3637920000000,11.7727200000000,12.247805000000,10.4297380000000,1,2,541,11.49,9,Non-Missing
542,0,0,10.18,9.18726800000000,10.147195000000,15.0775440000000,13.2995930000000,9.09658100000000,12.6296810000000,7.10005600000000,1,2,542,10.18,9,Non-Missing
543,0,0,1.99,13.2911810000000,5.50026400000000,2.42574300000000,3.98061200000000,1.98674600000000,6.25547300000000,9.64543900000000,1,2,543,1.99,9,Non-Missing
544,0,0,13.32,9.88401600000000,11.8527160000000,12.4032000000000,10.5064750000000,10.9681630000000,14.253082000000,15.5065480000000,1,2,544,13.32,9,Non-Missing
545,0,0,10.87,14.36460900000,12.741349000000,13.1411460000000,9.37148200000000,13.0549470000000,12.1358700000000,6.71739100000000,1,2,545,10.87,9,Non-Missing
546,0,0,2.86,13.8858910000000,9.31230100000000,4.57470500000000,6.03165900000000,3.9546910000000,8.02871000000000,0,1,2,546,2.86,9,Non-Missing
547,1,0,11.45,9.56827400000000,14.4641440000000,11.0539640000000,7.8465100000000,10.3202620000000,13.0014810000000,6.57437700000000,1,2,547,NA,1,MAR
548,0,0,8.62,16.2965660000000,10.1596020000000,11.1092230000000,10.0447140000000,5.3708810000000,9.90133700000000,13.392126000000,1,2,548,8.62,9,Non-Missing
549,1,0,16.35,15.0901040000000,14.5688420000000,16.8995970000000,15.1176370000000,13.7817080000000,7.01160400000000,14.2230460000000,1,2,549,NA,1,MAR
550,0,0,8.89,6.4424530000000,13.0696150000000,9.26722800000000,6.08461900000000,10.1254990000000,6.20114400000000,6.08865200000000,1,2,550,8.89,9,Non-Missing
551,0,0,6.83,12.5144590000000,7.3687980000000,12.1811900000000,5.35361900000000,6.46952500000000,6.06218500000000,5.03076500000000,1,2,551,6.83,9,Non-Missing
552,0,0,7.99,9.79281800000000,12.0068600000000,11.9141530000000,4.62338900000000,10.106366000000,6.15618900000000,8.82279800000000,1,2,552,7.99,9,Non-Missing
553,0,0,8.36,10.0439540000000,9.73410100000000,4.82731100000000,6.99291200000000,13.111633000000,7.93938500000000,11.0758540000000,1,2,553,8.36,9,Non-Missing
554,0,0,8.65,10.0727040000000,11.8956450000000,9.10842800000000,7.35509000000000,6.13847400000000,2.72072300000000,11.1581670000000,1,2,554,8.65,9,Non-Missing
555,0,0,7.33,12.233865000000,10.3267260000000,5.69102000000000,8.98839600000000,13.3423240000000,6.27647300000000,9.16090900000000,1,2,555,7.33,9,Non-Missing
556,0,0,10.83,11.6453100000000,8.13368900000000,10.790063000000,9.64194700000000,11.6989350000000,7.39080300000000,10.1255830000000,1,2,556,10.83,9,Non-Missing
557,0,0,8.97,6.67189400000000,6.92220300000000,8.05132800000000,6.0752490000000,15.0292430000000,9.78355900000000,8.4874310000000,1,2,557,8.97,9,Non-Missing
558,0,0,8.57,9.07390500000000,7.85546300000000,8.56917900000000,7.58079200000000,7.35979700000000,11.1967030000000,8.12979700000000,1,2,558,8.57,9,Non-Missing
559,1,0,10.85,8.64966400000000,4.24556400000000,10.4308580000000,13.4886520000000,10.181578000000,9.17292000000000,11.1003380000000,1,2,559,NA,1,MAR
560,0,0,15.1,9.23961300000000,7.6852280000000,8.18637100000000,13.2941920000000,15.6596200000000,14.929414000000,11.8129080000000,1,2,560,15.1,9,Non-Missing
561,0,0,6.57,10.1115800000000,13.1281400000000,2.28943500000000,9.33371500000000,7.77145700000000,4.09427500000000,6.97529700000000,1,2,561,6.57,9,Non-Missing
562,0,0,13.14,12.167378000000,8.09795800000000,12.6226700000000,13.2760780000000,7.87452900000000,10.4623040000000,15.6693360000000,1,2,562,13.14,9,Non-Missing
563,0,0,12.68,10.8650510000000,11.5663380000000,13.7957640000000,10.8636150000000,11.8901880000000,9.37835100000000,8.58531800000000,1,2,563,12.68,9,Non-Missing
564,0,0,11.27,7.77098200000000,8.36499600000000,8.03227500000000,13.5918490000000,9.45005000000000,8.87643800000000,10.158806000000,1,2,564,11.27,9,Non-Missing
565,0,0,11.17,8.39502200000000,10.8881750000000,10.7664850000000,13.1417370000000,9.21160300000000,12.3191030000000,13.2784420000000,1,2,565,11.17,9,Non-Missing
566,1,0,11.44,14.1599870000000,11.4544740000000,11.2628210000000,14.4382940000000,13.099827000000,10.7197910000000,6.19731700000000,1,2,566,NA,1,MAR
567,0,0,5.55,2.79889800000000,9.02302100000000,6.56680800000000,7.96532400000000,7.95821500000000,5.02454300000000,7.78984600000000,1,2,567,5.55,9,Non-Missing
568,0,0,11.2,8.6995240000000,8.76256600000000,15.29509800000,11.9541370000000,11.1488380000000,15.0218850000000,7.8723910000000,1,2,568,11.2,9,Non-Missing
569,0,0,11.58,11.4758300000000,9.16603000000000,9.37757000000000,14.73311800000,15.0653020000000,8.69777500000000,10.5944850000000,1,2,569,11.58,9,Non-Missing
570,0,0,11.58,12.4874080000000,11.9432320000000,10.0675040000000,8.14357800000000,13.111558000000,14.8912740000000,4.89292000000000,1,2,570,11.58,9,Non-Missing
571,0,0,6.55,9.67853800000000,5.38677800000000,7.57707200000000,10.6707190000000,9.13160500000000,7.34459100000000,6.06878000000000,1,2,571,6.55,9,Non-Missing
572,0,0,18.98,15.0527210000000,15.0930170000000,13.5538980000000,11.9580380000000,18.2912070000000,9.69845800000000,15.8661720000000,1,2,572,18.98,9,Non-Missing
573,0,0,11.06,10.2547890000000,10.8472740000000,2.66353600000000,9.86065000000000,12.5708860000000,16.2868920000000,7.15464500000000,1,2,573,11.06,9,Non-Missing
574,0,0,10.8,9.1577190000000,10.3204460000000,7.69719000000000,10.281426000000,7.16133900000000,9.90431600000000,8.6893400000000,1,2,574,10.8,9,Non-Missing
575,0,0,14.61,8.19830300000000,11.517446000000,10.5271540000000,13.5719360000000,15.0856210000000,10.6374540000000,8.80659100000000,1,2,575,14.61,9,Non-Missing
576,0,0,8.56,12.2766350000000,10.0634480000000,5.98849100000000,11.1785720000000,6.23021400000000,13.1284940000000,10.5314350000000,1,2,576,8.56,9,Non-Missing
577,1,0,6,5.5081900000000,12.2482010000000,7.06427200000000,6.04315400000000,9.55504100000000,8.02326700000000,5.80144200,1,2,577,NA,1,MAR
578,0,0,11.1,8.59074500000000,9.8313160000000,8.99191700000000,10.8746820000000,12.1518430000000,13.8644090000000,5.92317300000000,1,2,578,11.1,9,Non-Missing
579,0,0,14.41,17.2221640000000,11.5869010000000,12.781911000000,14.5013130000000,15.7757610000000,14.8936180000000,5.96987000000000,1,2,579,14.41,9,Non-Missing
580,0,0,14.84,10.5007590000000,11.8490340000000,11.8667820000000,13.2201150000000,15.0874960000000,14.3539510000000,5.12805900000000,1,2,580,14.84,9,Non-Missing
581,0,0,11.62,4.91659500000000,12.2659880000000,7.46456000000000,11.038803000000,10.3245010000000,7.10973000000000,15.1069780000000,1,2,581,11.62,9,Non-Missing
582,0,0,5.32,9.57984900000000,7.79094200000000,6.64935500000000,4.63803000000000,2.204084000000,8.14981700000000,12.3766980000000,1,2,582,5.32,9,Non-Missing
583,0,0,12.76,10.6905570000000,12.6022300000000,12.4123080000000,10.5357380000000,13.8533930000000,11.8814560000000,6.73630100000000,1,2,583,12.76,9,Non-Missing
584,0,0,6.02,16.6106010000000,9.90908600000000,10.0866360000000,7.95654400000000,2.96273000000000,5.45148200000000,8.10056700000000,1,2,584,6.02,9,Non-Missing
585,0,0,15.1,7.96510500000000,18.358301000000,12.0382430000000,12.9703890000000,13.0821840000000,11.8756760000000,13.5310850000000,1,2,585,15.1,9,Non-Missing
586,0,0,6.66,13.1268980000000,9.1387850000000,5.52088700000000,1.71317300000000,7.7496000000000,4.82484200000000,8.10938200000000,1,2,586,6.66,9,Non-Missing
587,0,0,14.57,15.6953810000000,14.0624950000000,12.1828240000000,12.7028710000000,11.4155210000000,7.18259000000000,16.8845050000000,1,2,587,14.57,9,Non-Missing
588,1,0,6.57,12.0776210000000,10.1690590000000,4.52889400000000,8.36099300000000,9.85525100000000,9.92506000000000,7.10265600000000,1,2,588,NA,1,MAR
589,1,0,4.72,8.22219000000000,5.63054200000000,4.63966900000000,6.40556700000000,3.16405700000000,9.56085800000000,4.19034300000000,1,2,589,NA,1,MAR
590,0,0,9.5,13.636518000000,11.0936460000000,9.53601700000000,10.9247570000000,5.5515590000000,10.0198320000000,10.2373410000000,1,2,590,9.5,9,Non-Missing
591,0,0,11.42,6.0026500000000,11.9545090000000,5.23387300000000,11.0110260000000,11.569058000000,14.3589160000000,12.9855560000000,1,2,591,11.42,9,Non-Missing
592,0,0,18.25,8.67613600000000,20.279317000000,11.1847420000000,9.80156700000000,14.9840190000000,12.9967400000000,16.4801760000000,1,2,592,18.25,9,Non-Missing
593,0,0,13.59,9.08603000000000,14.2307240000000,13.0366370000000,10.6528420000000,11.7579930000000,12.2856430000000,8.07483600000000,1,2,593,13.59,9,Non-Missing
594,0,0,14.43,12.836978000000,12.7797500000000,13.9801220000000,12.6979270000000,9.6573740000000,14.7724120000000,8.46726800000000,1,2,594,14.43,9,Non-Missing
595,0,0,13.44,8.40278100000000,13.9029960000000,10.5276070000000,12.3539930000000,7.09153000000000,8.11574900000000,16.2071110000000,1,2,595,13.44,9,Non-Missing
596,0,0,6.42,13.8084790000000,8.40946300000000,10.0206490000000,9.76611600000000,9.84755200000000,7.67461400000000,13.9378920000000,1,2,596,6.42,9,Non-Missing
597,0,0,10.59,8.61971900000000,6.61585700000000,4.58321200000000,10.0250070000000,8.67548000000000,9.7120530000000,10.5094080000000,1,2,597,10.59,9,Non-Missing
598,1,0,8.23,14.2622780000000,8.71331400000000,10.9846120000000,12.7389980000000,9.30072000000000,4.34629700000000,8.2041320000000,1,2,598,NA,1,MAR
599,1,0,10.63,11.3684810000000,10.6561270000000,3.27340900000000,12.4266660000000,8.80888800000000,9.4497980000000,9.00317500000000,1,2,599,NA,1,MAR
600,1,0,5.56,11.2503560000000,10.9153850000000,8.29813600000000,8.18146600000000,13.2740410000000,2.88139700000000,5.85798200000000,1,2,600,NA,1,MAR

